c012	c000
c006	c003
c041	c006
c016	c000
c006	c041
c003	c006
c019	c000
c041	c003
c048	c006
c097	c002
c022	c000
c003	c041
c002	c097
c024	c000
c048	c003
c108	c006
c045	c000
c108	c003
c110	c006
c047	c000
c110	c003
c050	c000
c061	c000
c000	c061
c227	c006
c227	c003
c081	c000
c085	c000
c000	c085
c254	c006
c254	c003
c098	c000
c257	c003
c257	c006
c281	c002
c281	c005
c105	c000
c281	c007
c281	c001
c281	c004
c114	c000
c129	c000
c130	c000
c000	c130
c153	c000
c281	c003
c156	c000
c281	c006
c162	c000
c000	c162
c330	c002
c164	c000
c002	c330
c173	c000
c379	c002
c197	c000
c010	c018
c008	c049
c002	c379
c009	c052
c204	c000
c297	c003
c025	c010
c209	c000
c008	c051
c408	c002
c076	c009
c003	c297
c010	c025
c224	c000
c297	c006
c002	c408
c335	c003
c031	c010
c006	c297
c238	c000
c008	c075
c145	c009
c010	c031
c003	c335
c435	c002
c335	c006
c244	c000
c008	c082
c038	c010
c149	c009
c349	c003
c006	c335
c010	c038
c260	c000
c470	c002
c008	c123
c349	c006
c357	c003
c065	c010
c172	c009
c002	c470
c010	c065
c361	c003
c008	c126
c357	c006
c479	c002
c003	c361
c361	c006
c202	c009
c008	c128
c124	c010
c363	c003
c002	c479
c006	c361
c003	c363
c363	c006
c009	c258
c140	c010
c509	c002
c207	c008
c006	c363
c381	c003
c281	c000
c009	c270
c010	c140
c281	c011
c002	c509
c008	c207
c381	c006
c190	c010
c407	c003
c514	c002
c010	c190
c407	c006
c217	c008
c002	c514
c003	c508
c010	c191
c008	c217
c006	c508
c515	c003
c286	c000
c515	c006
c199	c010
c003	c515
c010	c199
c248	c008
c686	c002
c006	c515
c294	c000
c528	c003
c281	c009
c008	c248
c002	c686
c528	c006
c359	c000
c222	c010
c698	c002
c010	c222
c575	c003
c368	c000
c002	c698
c575	c006
c237	c010
c386	c000
c010	c237
c655	c003
c016	c012
c396	c000
c745	c002
c009	c346
c003	c655
c655	c006
c019	c012
c010	c247
c401	c000
c009	c351
c002	c745
c006	c655
c690	c003
c425	c000
c022	c012
c010	c271
c003	c690
c758	c002
c000	c425
c281	c008
c690	c006
c024	c012
c009	c482
c428	c000
c002	c758
c012	c024
c006	c690
c710	c003
c045	c012
c431	c000
c505	c009
c767	c002
c012	c045
c448	c000
c724	c003
c009	c505
c710	c006
c047	c012
c002	c767
c012	c047
c516	c009
c003	c724
c050	c012
c724	c006
c469	c000
c782	c002
c012	c050
c009	c532
c006	c724
c008	c332
c776	c003
c517	c000
c012	c061
c002	c782
c009	c561
c521	c000
c081	c012
c785	c003
c776	c006
c008	c348
c281	c010
c789	c002
c012	c081
c598	c009
c003	c785
c785	c006
c549	c000
c012	c085
c009	c601
c008	c393
c002	c789
c006	c785
c003	c791
c551	c000
c098	c012
c009	c611
c006	c791
c008	c395
c012	c098
c797	c003
c009	c644
c576	c000
c797	c006
c008	c398
c105	c012
c799	c003
c009	c654
c577	c000
c799	c006
c313	c010
c000	c577
c114	c012
c656	c009
c008	c438
c010	c313
c585	c000
c129	c012
c009	c664
c008	c446
c012	c129
c597	c000
c383	c010
c009	c715
c012	c130
c629	c000
c153	c012
c631	c000
c458	c008
c384	c010
c747	c009
c156	c012
c663	c000
c385	c010
c012	c156
c281	c013
c775	c009
c008	c507
c010	c385
c012	c162
c009	c775
c675	c000
c164	c012
c684	c000
c019	c016
c418	c010
c685	c000
c173	c012
c008	c533
c016	c019
c010	c418
c012	c173
c692	c000
c022	c016
c281	c015
c281	c014
c197	c012
c008	c550
c721	c000
c436	c010
c016	c024
c012	c197
c010	c436
c731	c000
c008	c562
c204	c012
c016	c045
c437	c010
c012	c204
c734	c000
c016	c047
c209	c012
c010	c437
c741	c000
c008	c573
c012	c209
c016	c050
c010	c465
c224	c012
c746	c000
c016	c061
c012	c224
c008	c600
c466	c010
c749	c000
c016	c081
c238	c012
c000	c749
c525	c010
c008	c622
c016	c085
c244	c012
c750	c000
c010	c525
c016	c098
c260	c012
c008	c635
c757	c000
c010	c537
c012	c260
c105	c016
c025	c018
c114	c016
c031	c018
c556	c010
c022	c019
c008	c694
c038	c018
c016	c129
c019	c024
c593	c010
c281	c017
c008	c720
c065	c018
c016	c130
c019	c045
c010	c593
c019	c047
c008	c730
c153	c016
c124	c018
c019	c050
c008	c759
c016	c153
c140	c018
c628	c010
c281	c012
c019	c061
c016	c156
c774	c008
c190	c018
c019	c081
c016	c162
c191	c018
c010	c659
c008	c774
c019	c085
c018	c191
c164	c016
c019	c098
c008	c788
c199	c018
c016	c164
c714	c010
c105	c019
c222	c018
c010	c714
c016	c173
c022	c024
c286	c012
c237	c018
c281	c020
c021	c033
c114	c019
c016	c197
c247	c018
c728	c010
c022	c045
c294	c012
c016	c204
c018	c247
c019	c129
c016	c209
c271	c018
c359	c012
c022	c047
c019	c130
c018	c271
c012	c359
c016	c224
c102	c021
c153	c019
c022	c050
c368	c012
c238	c016
c019	c153
c016	c238
c386	c012
c022	c061
c125	c021
c019	c156
c012	c386
c244	c016
c022	c081
c021	c125
c019	c162
c396	c012
c016	c244
c401	c012
c022	c085
c164	c019
c016	c260
c012	c401
c166	c021
c019	c164
c022	c098
c281	c018
c012	c425
c281	c023
c019	c173
c021	c166
c105	c022
c428	c012
c019	c197
c431	c012
c045	c024
c022	c105
c024	c045
c019	c204
c448	c012
c021	c196
c114	c022
c047	c024
c019	c209
c012	c448
c024	c047
c022	c114
c019	c224
c050	c024
c469	c012
c200	c021
c313	c018
c024	c050
c281	c016
c022	c129
c238	c019
c517	c012
c021	c200
c024	c061
c019	c238
c521	c012
c022	c130
c081	c024
c383	c018
c012	c521
c244	c019
c024	c081
c626	c023
c549	c012
c022	c153
c021	c274
c019	c244
c384	c018
c024	c085
c551	c012
c023	c626
c098	c024
c022	c156
c385	c018
c019	c260
c012	c551
c024	c098
c418	c018
c286	c016
c022	c162
c576	c012
c627	c023
c105	c024
c436	c018
c012	c577
c022	c164
c016	c286
c437	c018
c114	c024
c705	c023
c585	c012
c022	c173
c294	c016
c129	c024
c465	c018
c023	c705
c024	c129
c018	c465
c597	c012
c016	c359
c022	c197
c024	c130
c281	c021
c629	c012
c466	c018
c752	c023
c368	c016
c022	c204
c281	c019
c012	c629
c153	c024
c023	c752
c525	c018
c156	c024
c016	c386
c631	c012
c022	c209
c024	c156
c012	c631
c396	c016
c537	c018
c790	c023
c024	c162
c663	c012
c022	c224
c018	c537
c016	c396
c164	c024
c023	c790
c012	c663
c173	c024
c556	c018
c022	c238
c016	c401
c024	c173
c031	c025
c675	c012
c286	c019
c593	c018
c197	c024
c016	c425
c022	c244
c684	c012
c019	c286
c024	c197
c012	c684
c025	c031
c428	c016
c324	c021
c022	c260
c204	c024
c294	c019
c685	c012
c038	c025
c016	c428
c021	c324
c024	c204
c628	c018
c025	c038
c012	c685
c209	c024
c431	c016
c019	c359
c692	c012
c021	c331
c659	c018
c024	c209
c065	c025
c012	c692
c016	c431
c018	c659
c368	c019
c224	c024
c344	c021
c016	c448
c024	c224
c025	c065
c721	c012
c019	c386
c714	c018
c021	c344
c012	c721
c469	c016
c238	c024
c396	c019
c124	c025
c728	c018
c016	c469
c244	c024
c731	c012
c021	c350
c019	c396
c140	c025
c734	c012
c019	c401
c517	c016
c260	c024
c021	c364
c012	c734
c025	c140
c281	c022
c024	c260
c016	c517
c019	c425
c741	c012
c016	c521
c365	c021
c190	c025
c428	c019
c012	c741
c549	c016
c025	c190
c021	c365
c019	c428
c016	c549
c025	c191
c089	c026
c431	c019
c746	c012
c016	c551
c199	c025
c022	c286
c021	c371
c019	c431
c012	c749
c026	c089
c576	c016
c025	c199
c019	c448
c294	c022
c016	c577
c750	c012
c222	c025
c469	c019
c021	c417
c757	c012
c022	c294
c160	c026
c281	c024
c019	c469
c025	c222
c585	c016
c026	c160
c021	c433
c237	c025
c022	c359
c597	c016
c517	c019
c168	c026
c025	c237
c016	c597
c444	c021
c019	c517
c025	c247
c368	c022
c016	c629
c026	c168
c019	c521
c021	c444
c025	c271
c022	c368
c016	c631
c286	c024
c549	c019
c021	c455
c016	c663
c022	c386
c019	c549
c294	c024
c235	c026
c019	c551
c462	c021
c675	c016
c022	c396
c359	c024
c026	c235
c024	c359
c021	c462
c281	c027
c576	c019
c016	c684
c022	c401
c368	c024
c019	c577
c016	c685
c463	c021
c386	c024
c022	c425
c585	c019
c016	c692
c021	c463
c024	c386
c281	c025
c022	c428
c597	c019
c396	c024
c016	c721
c021	c472
c401	c024
c019	c597
c022	c431
c731	c016
c024	c401
c021	c498
c019	c629
c024	c425
c022	c448
c016	c734
c019	c631
c428	c024
c281	c026
c021	c546
c022	c469
c016	c741
c431	c024
c019	c663
c448	c024
c021	c574
c022	c517
c675	c019
c024	c448
c313	c025
c746	c016
c021	c594
c019	c684
c058	c028
c022	c521
c469	c024
c025	c313
c016	c749
c019	c685
c517	c024
c028	c058
c021	c625
c022	c549
c019	c692
c750	c016
c383	c025
c521	c024
c301	c026
c019	c721
c024	c521
c022	c551
c757	c016
c021	c634
c080	c028
c384	c025
c016	c757
c549	c024
c026	c301
c731	c019
c385	c025
c645	c021
c028	c080
c576	c022
c551	c024
c019	c734
c024	c551
c025	c385
c021	c645
c022	c576
c019	c741
c576	c024
c418	c025
c022	c577
c491	c026
c024	c577
c021	c702
c025	c418
c746	c019
c585	c022
c026	c491
c585	c024
c436	c025
c725	c021
c019	c749
c022	c585
c025	c436
c597	c024
c506	c026
c021	c725
c750	c019
c022	c597
c437	c025
c629	c024
c026	c506
c024	c629
c757	c019
c025	c437
c021	c756
c022	c629
c631	c024
c019	c757
c025	c465
c024	c631
c563	c026
c021	c766
c281	c028
c022	c631
c281	c029
c663	c024
c466	c025
c026	c563
c024	c663
c021	c778
c022	c663
c675	c024
c525	c025
c038	c031
c603	c026
c684	c024
c031	c038
c025	c525
c026	c603
c024	c684
c675	c022
c685	c024
c065	c031
c025	c537
c620	c026
c024	c685
c022	c675
c031	c065
c556	c025
c692	c024
c026	c620
c024	c692
c022	c684
c124	c031
c593	c025
c360	c028
c721	c024
c641	c026
c022	c685
c024	c721
c025	c593
c140	c031
c026	c641
c281	c030
c369	c028
c731	c024
c022	c692
c031	c140
c628	c025
c734	c024
c028	c369
c024	c734
c022	c721
c190	c031
c741	c024
c025	c659
c753	c026
c031	c190
c024	c741
c731	c022
c043	c032
c447	c028
c031	c191
c714	c025
c022	c731
c780	c026
c199	c031
c028	c447
c032	c043
c025	c714
c746	c024
c031	c199
c026	c780
c022	c734
c024	c749
c728	c025
c484	c028
c222	c031
c022	c741
c750	c024
c138	c032
c028	c484
c031	c222
c102	c033
c757	c024
c032	c138
c746	c022
c492	c028
c237	c031
c031	c237
c125	c033
c028	c492
c022	c749
c181	c032
c031	c247
c166	c033
c750	c022
c032	c181
c583	c028
c031	c271
c196	c033
c022	c750
c028	c583
c200	c033
c022	c757
c273	c032
c274	c033
c711	c028
c032	c273
c281	c034
c028	c711
c281	c036
c281	c035
c738	c028
c281	c031
c028	c738
c281	c033
c065	c038
c038	c065
c281	c032
c281	c037
c124	c038
c140	c038
c313	c031
c038	c140
c031	c313
c190	c038
c048	c041
c383	c031
c038	c190
c324	c033
c384	c031
c038	c191
c108	c041
c331	c033
c385	c031
c199	c038
c291	c032
c281	c039
c344	c033
c110	c041
c031	c385
c038	c199
c350	c033
c418	c031
c323	c032
c222	c038
c364	c033
c031	c418
c227	c041
c038	c222
c032	c323
c281	c040
c365	c033
c436	c031
c237	c038
c254	c041
c371	c033
c031	c436
c358	c032
c038	c237
c437	c031
c417	c033
c257	c041
c032	c358
c433	c033
c031	c437
c038	c247
c038	c271
c031	c465
c444	c033
c403	c032
c466	c031
c455	c033
c462	c033
c525	c031
c032	c403
c138	c043
c031	c525
c281	c042
c463	c033
c043	c138
c031	c537
c281	c041
c472	c033
c556	c031
c181	c043
c513	c032
c498	c033
c593	c031
c043	c181
c546	c033
c032	c513
c031	c593
c281	c038
c574	c033
c594	c033
c273	c043
c628	c031
c625	c033
c596	c032
c033	c625
c043	c273
c297	c041
c031	c659
c032	c596
c634	c033
c041	c297
c033	c634
c714	c031
c612	c032
c047	c045
c335	c041
c645	c033
c031	c714
c313	c038
c045	c047
c032	c612
c041	c335
c038	c313
c702	c033
c050	c045
c281	c044
c728	c031
c349	c041
c045	c050
c653	c032
c725	c033
c383	c038
c045	c061
c357	c041
c756	c033
c032	c653
c081	c045
c384	c038
c281	c043
c766	c033
c361	c041
c167	c046
c045	c081
c778	c033
c385	c038
c041	c361
c045	c085
c050	c047
c032	c737
c046	c167
c038	c385
c363	c041
c098	c045
c047	c050
c045	c098
c041	c363
c047	c061
c418	c038
c081	c047
c038	c418
c105	c045
c381	c041
c246	c046
c047	c081
c108	c048
c436	c038
c114	c045
c047	c085
c048	c108
c407	c041
c291	c043
c038	c436
c098	c047
c129	c045
c437	c038
c045	c129
c047	c098
c110	c048
c051	c049
c045	c130
c038	c437
c323	c043
c041	c508
c105	c047
c049	c051
c048	c110
c153	c045
c038	c465
c043	c323
c515	c041
c075	c049
c156	c045
c114	c047
c049	c075
c041	c515
c466	c038
c045	c156
c129	c047
c358	c043
c082	c049
c045	c162
c227	c048
c047	c129
c528	c041
c281	c046
c525	c038
c043	c358
c164	c045
c123	c049
c047	c130
c048	c227
c038	c525
c049	c123
c173	c045
c153	c047
c045	c173
c126	c049
c403	c043
c575	c041
c038	c537
c254	c048
c156	c047
c197	c045
c128	c049
c047	c156
c043	c403
c045	c197
c048	c254
c556	c038
c049	c128
c047	c162
c204	c045
c655	c041
c257	c048
c045	c204
c164	c047
c593	c038
c041	c655
c209	c045
c513	c043
c173	c047
c048	c257
c038	c593
c333	c046
c207	c049
c047	c173
c045	c209
c690	c041
c043	c513
c046	c333
c224	c045
c217	c049
c197	c047
c041	c690
c628	c038
c045	c224
c047	c197
c341	c046
c248	c049
c710	c041
c596	c043
c204	c047
c238	c045
c038	c659
c046	c341
c047	c204
c244	c045
c043	c596
c724	c041
c209	c047
c714	c038
c260	c045
c041	c724
c047	c209
c612	c043
c038	c714
c045	c260
c224	c047
c043	c612
c281	c048
c776	c041
c728	c038
c047	c224
c616	c046
c238	c047
c785	c041
c046	c616
c653	c043
c050	c061
c041	c785
c244	c047
c081	c050
c043	c653
c281	c049
c260	c047
c041	c791
c050	c081
c743	c046
c047	c260
c050	c085
c797	c041
c046	c743
c043	c737
c098	c050
c048	c297
c799	c041
c050	c098
c075	c051
c281	c045
c076	c052
c051	c075
c048	c335
c105	c050
c082	c051
c349	c048
c332	c049
c145	c052
c123	c051
c114	c050
c048	c349
c049	c332
c051	c123
c149	c052
c129	c050
c049	c348
c050	c129
c357	c048
c126	c051
c281	c047
c286	c045
c050	c130
c128	c051
c393	c049
c172	c052
c048	c357
c051	c128
c049	c393
c153	c050
c294	c045
c048	c361
c395	c049
c202	c052
c156	c050
c207	c051
c050	c156
c398	c049
c281	c053
c048	c363
c258	c052
c050	c162
c049	c398
c217	c051
c359	c045
c270	c052
c164	c050
c052	c270
c381	c048
c438	c049
c045	c359
c248	c051
c173	c050
c446	c049
c048	c381
c050	c173
c049	c446
c368	c045
c286	c047
c197	c050
c407	c048
c386	c045
c294	c047
c050	c197
c458	c049
c045	c386
c048	c407
c204	c050
c359	c047
c396	c045
c050	c204
c047	c359
c507	c049
c401	c045
c209	c050
c533	c049
c368	c047
c045	c401
c048	c508
c050	c209
c049	c533
c386	c047
c224	c050
c045	c425
c281	c052
c049	c550
c048	c515
c047	c386
c281	c051
c050	c224
c428	c045
c049	c562
c396	c047
c528	c048
c238	c050
c431	c045
c573	c049
c401	c047
c448	c045
c244	c050
c048	c528
c047	c401
c600	c049
c045	c448
c047	c425
c260	c050
c622	c049
c469	c045
c049	c622
c428	c047
c050	c260
c575	c048
c635	c049
c431	c047
c517	c045
c346	c052
c049	c635
c521	c045
c448	c047
c332	c051
c052	c346
c045	c521
c049	c694
c047	c448
c351	c052
c051	c332
c048	c655
c052	c351
c049	c720
c051	c348
c549	c045
c469	c047
c551	c045
c281	c054
c048	c690
c730	c049
c393	c051
c482	c052
c517	c047
c045	c551
c051	c393
c052	c482
c049	c759
c521	c047
c710	c048
c576	c045
c395	c051
c047	c521
c505	c052
c774	c049
c281	c050
c048	c710
c398	c051
c045	c577
c549	c047
c516	c052
c788	c049
c051	c398
c551	c047
c585	c045
c049	c788
c048	c724
c532	c052
c047	c551
c438	c051
c052	c532
c597	c045
c446	c051
c561	c052
c576	c047
c629	c045
c776	c048
c051	c446
c068	c055
c045	c629
c047	c577
c048	c776
c598	c052
c631	c045
c458	c051
c585	c047
c045	c631
c286	c050
c601	c052
c113	c055
c048	c785
c052	c601
c055	c113
c663	c045
c597	c047
c294	c050
c507	c051
c611	c052
c045	c663
c115	c055
c048	c791
c629	c047
c052	c611
c533	c051
c359	c050
c675	c045
c047	c629
c051	c533
c644	c052
c797	c048
c050	c359
c118	c055
c631	c047
c684	c045
c654	c052
c051	c550
c047	c631
c045	c684
c052	c654
c368	c050
c048	c797
c051	c562
c142	c055
c685	c045
c663	c047
c656	c052
c386	c050
c175	c055
c045	c685
c573	c051
c799	c048
c047	c663
c664	c052
c050	c386
c055	c175
c692	c045
c052	c664
c600	c051
c048	c799
c675	c047
c045	c692
c396	c050
c210	c055
c715	c052
c622	c051
c401	c050
c055	c210
c684	c047
c721	c045
c052	c715
c050	c401
c051	c622
c045	c721
c047	c684
c220	c055
c050	c425
c635	c051
c685	c047
c747	c052
c731	c045
c051	c635
c047	c685
c428	c050
c232	c055
c734	c045
c775	c052
c692	c047
c431	c050
c045	c734
c051	c694
c047	c692
c267	c055
c741	c045
c448	c050
c080	c058
c051	c720
c721	c047
c045	c741
c050	c448
c272	c055
c281	c056
c730	c051
c047	c721
c058	c080
c055	c272
c469	c050
c051	c759
c731	c047
c275	c055
c746	c045
c517	c050
c734	c047
c281	c057
c774	c051
c521	c050
c047	c734
c050	c521
c788	c051
c045	c749
c741	c047
c051	c788
c549	c050
c047	c741
c750	c045
c551	c050
c050	c551
c757	c045
c746	c047
c047	c749
c576	c050
c050	c577
c750	c047
c281	c055
c757	c047
c585	c050
c281	c058
c597	c050
c081	c061
c085	c061
c629	c050
c061	c085
c050	c629
c094	c062
c098	c061
c631	c050
c063	c086
c105	c061
c062	c094
c050	c631
c285	c055
c281	c059
c114	c061
c663	c050
c293	c055
c133	c062
c281	c060
c129	c061
c050	c663
c309	c055
c130	c061
c062	c133
c360	c058
c310	c055
c675	c050
c061	c130
c055	c310
c684	c050
c153	c061
c369	c058
c340	c055
c050	c684
c156	c061
c055	c340
c062	c278
c162	c061
c058	c369
c685	c050
c061	c162
c362	c055
c050	c685
c692	c050
c164	c061
c377	c055
c050	c692
c447	c058
c173	c061
c281	c063
c399	c055
c721	c050
c197	c061
c055	c399
c058	c447
c050	c721
c204	c061
c415	c055
c209	c061
c731	c050
c420	c055
c484	c058
c224	c061
c734	c050
c055	c420
c238	c061
c058	c484
c050	c734
c281	c062
c443	c055
c741	c050
c244	c061
c050	c741
c260	c061
c492	c058
c530	c055
c055	c530
c124	c065
c063	c298
c058	c492
c531	c055
c746	c050
c534	c055
c140	c065
c055	c534
c050	c749
c583	c058
c065	c140
c540	c055
c063	c397
c750	c050
c572	c055
c190	c065
c058	c583
c757	c050
c055	c572
c065	c190
c287	c062
c581	c055
c065	c191
c063	c480
c582	c055
c711	c058
c281	c061
c199	c065
c281	c064
c404	c062
c065	c199
c605	c055
c058	c711
c062	c404
c606	c055
c222	c065
c738	c058
c065	c222
c610	c055
c058	c738
c623	c055
c237	c065
c557	c062
c055	c623
c286	c061
c638	c055
c065	c237
c062	c557
c055	c638
c294	c061
c642	c055
c065	c247
c068	c113
c062	c591
c281	c066
c055	c642
c359	c061
c065	c271
c617	c062
c683	c055
c368	c061
c068	c115
c062	c617
c386	c061
c703	c055
c396	c061
c068	c118
c718	c055
c401	c061
c281	c067
c779	c062
c425	c061
c723	c055
c061	c425
c062	c779
c769	c055
c068	c142
c428	c061
c055	c769
c431	c061
c784	c055
c055	c784
c448	c061
c281	c065
c068	c175
c793	c055
c469	c061
c517	c061
c521	c061
c281	c069
c074	c072
c068	c210
c203	c071
c549	c061
c551	c061
c071	c203
c112	c072
c068	c220
c313	c065
c576	c061
c212	c071
c577	c061
c065	c313
c061	c577
c071	c212
c281	c070
c251	c072
c068	c232
c585	c061
c151	c073
c383	c065
c072	c251
c597	c061
c073	c151
c384	c065
c629	c061
c261	c072
c385	c065
c631	c061
c068	c267
c256	c073
c663	c061
c065	c385
c675	c061
c073	c256
c418	c065
c684	c061
c112	c074
c065	c418
c068	c272
c685	c061
c074	c112
c436	c065
c692	c061
c281	c071
c721	c061
c065	c436
c068	c275
c437	c065
c731	c061
c074	c251
c281	c072
c065	c437
c734	c061
c741	c061
c261	c074
c065	c465
c082	c075
c074	c261
c466	c065
c281	c073
c746	c061
c123	c075
c075	c123
c372	c071
c749	c061
c525	c065
c061	c749
c126	c075
c065	c525
c128	c075
c750	c061
c071	c372
c065	c537
c075	c128
c757	c061
c281	c068
c556	c065
c207	c075
c392	c072
c430	c071
c145	c076
c593	c065
c217	c075
c065	c593
c071	c430
c076	c145
c281	c074
c456	c072
c248	c075
c391	c073
c149	c076
c460	c071
c628	c065
c523	c072
c076	c149
c071	c460
c072	c523
c065	c659
c496	c073
c068	c285
c714	c065
c073	c496
c172	c076
c483	c071
c065	c714
c536	c072
c539	c073
c068	c293
c392	c074
c728	c065
c202	c076
c571	c072
c073	c539
c074	c392
c076	c202
c068	c309
c281	c075
c707	c071
c076	c258
c651	c073
c071	c707
c456	c074
c068	c310
c076	c270
c073	c651
c074	c456
c146	c078
c068	c340
c074	c523
c701	c073
c078	c146
c332	c075
c075	c332
c073	c701
c075	c348
c536	c074
c068	c362
c264	c078
c281	c077
c393	c075
c075	c393
c078	c264
c571	c074
c281	c076
c068	c377
c395	c075
c074	c571
c398	c075
c281	c079
c075	c398
c068	c399
c438	c075
c081	c085
c446	c075
c075	c446
c098	c081
c081	c098
c076	c346
c281	c080
c068	c415
c281	c078
c076	c351
c105	c081
c458	c075
c082	c123
c126	c082
c068	c420
c114	c081
c076	c482
c082	c126
c507	c075
c129	c081
c082	c128
c076	c505
c533	c075
c068	c443
c081	c129
c075	c533
c081	c130
c207	c082
c516	c076
c075	c550
c153	c081
c217	c082
c076	c516
c075	c562
c156	c081
c068	c530
c081	c156
c303	c078
c573	c075
c076	c532
c360	c080
c248	c082
c081	c162
c078	c303
c600	c075
c068	c531
c164	c081
c076	c561
c369	c080
c622	c075
c173	c081
c320	c078
c075	c622
c080	c369
c081	c173
c598	c076
c068	c534
c281	c083
c635	c075
c078	c320
c197	c081
c076	c598
c075	c635
c081	c197
c447	c080
c204	c081
c068	c540
c076	c601
c075	c694
c080	c447
c081	c204
c209	c081
c076	c611
c075	c720
c471	c078
c081	c209
c281	c082
c484	c080
c068	c572
c224	c081
c730	c075
c078	c471
c076	c644
c080	c484
c081	c224
c075	c759
c076	c654
c238	c081
c492	c080
c068	c581
c774	c075
c244	c081
c609	c078
c656	c076
c080	c492
c260	c081
c788	c075
c068	c582
c078	c609
c076	c656
c081	c260
c075	c788
c583	c080
c076	c664
c082	c332
c613	c078
c082	c348
c080	c583
c068	c605
c076	c715
c098	c085
c082	c393
c614	c078
c747	c076
c105	c085
c395	c082
c068	c606
c711	c080
c078	c614
c076	c747
c082	c395
c080	c711
c281	c081
c114	c085
c082	c398
c076	c775
c129	c085
c068	c610
c738	c080
c773	c078
c438	c082
c130	c085
c082	c438
c085	c130
c078	c773
c080	c738
c068	c623
c082	c446
c153	c085
c281	c084
c156	c085
c286	c081
c162	c085
c458	c082
c068	c638
c085	c162
c294	c081
c164	c085
c507	c082
c359	c081
c173	c085
c082	c507
c081	c359
c068	c642
c197	c085
c082	c533
c204	c085
c368	c081
c281	c086
c209	c085
c082	c550
c386	c081
c068	c683
c224	c085
c081	c386
c082	c562
c281	c087
c238	c085
c281	c088
c396	c081
c573	c082
c244	c085
c401	c081
c082	c573
c081	c401
c260	c085
c068	c703
c160	c089
c081	c425
c600	c082
c428	c081
c089	c160
c082	c600
c431	c081
c168	c089
c082	c622
c448	c081
c089	c168
c081	c448
c298	c086
c082	c635
c068	c718
c469	c081
c086	c298
c082	c694
c235	c089
c068	c723
c517	c081
c082	c720
c089	c235
c281	c085
c397	c086
c521	c081
c730	c082
c081	c521
c086	c397
c068	c769
c082	c730
c549	c081
c082	c759
c551	c081
c480	c086
c081	c551
c774	c082
c086	c480
c068	c784
c576	c081
c082	c788
c286	c085
c081	c577
c294	c085
c585	c081
c068	c793
c597	c081
c281	c089
c359	c085
c133	c094
c629	c081
c368	c085
c081	c629
c281	c090
c094	c133
c631	c081
c386	c085
c281	c091
c081	c631
c396	c085
c663	c081
c401	c085
c094	c278
c081	c663
c425	c085
c085	c425
c675	c081
c428	c085
c684	c081
c431	c085
c301	c089
c081	c684
c448	c085
c685	c081
c281	c092
c089	c301
c281	c093
c081	c685
c469	c085
c692	c081
c517	c085
c081	c692
c521	c085
c491	c089
c721	c081
c549	c085
c281	c094
c081	c721
c551	c085
c089	c491
c731	c081
c576	c085
c506	c089
c734	c081
c577	c085
c081	c734
c089	c506
c085	c577
c741	c081
c081	c741
c585	c085
c563	c089
c597	c085
c746	c081
c089	c563
c287	c094
c629	c085
c081	c749
c631	c085
c603	c089
c281	c095
c750	c081
c663	c085
c404	c094
c089	c603
c757	c081
c675	c085
c094	c404
c281	c096
c105	c098
c620	c089
c684	c085
c089	c620
c114	c098
c685	c085
c557	c094
c692	c085
c129	c098
c641	c089
c098	c129
c721	c085
c094	c557
c098	c130
c089	c641
c731	c085
c153	c098
c094	c591
c734	c085
c156	c098
c741	c085
c617	c094
c098	c156
c753	c089
c098	c162
c094	c617
c281	c097
c746	c085
c164	c098
c749	c085
c281	c099
c780	c089
c173	c098
c085	c749
c098	c173
c089	c780
c779	c094
c750	c085
c197	c098
c094	c779
c757	c085
c098	c197
c102	c125
c204	c098
c098	c204
c209	c098
c098	c209
c330	c097
c102	c166
c281	c100
c224	c098
c098	c224
c097	c330
c238	c098
c102	c196
c379	c097
c244	c098
c260	c098
c097	c379
c098	c260
c281	c101
c114	c105
c408	c097
c102	c200
c281	c103
c105	c114
c281	c104
c097	c408
c105	c129
c102	c274
c105	c130
c435	c097
c105	c153
c470	c097
c105	c156
c281	c098
c116	c106
c097	c470
c105	c162
c106	c116
c105	c164
c479	c097
c119	c106
c105	c173
c097	c479
c106	c119
c281	c102
c286	c098
c105	c197
c509	c097
c294	c098
c097	c509
c105	c204
c110	c108
c359	c098
c105	c209
c514	c097
c263	c106
c108	c110
c098	c359
c105	c224
c097	c514
c368	c098
c386	c098
c227	c108
c105	c238
c098	c386
c102	c324
c396	c098
c105	c244
c108	c227
c686	c097
c401	c098
c281	c107
c102	c331
c105	c260
c098	c401
c097	c686
c254	c108
c098	c425
c698	c097
c281	c106
c108	c254
c428	c098
c281	c109
c102	c344
c097	c698
c431	c098
c257	c108
c745	c097
c448	c098
c102	c350
c097	c745
c098	c448
c108	c257
c469	c098
c758	c097
c281	c105
c517	c098
c102	c364
c097	c758
c521	c098
c353	c106
c098	c521
c767	c097
c549	c098
c102	c365
c106	c353
c097	c767
c227	c110
c551	c098
c098	c551
c110	c227
c782	c097
c105	c286
c102	c371
c441	c106
c576	c098
c281	c108
c097	c782
c294	c105
c254	c110
c106	c441
c098	c577
c789	c097
c110	c254
c105	c294
c102	c417
c501	c106
c585	c098
c257	c110
c097	c789
c106	c501
c105	c359
c597	c098
c110	c257
c102	c433
c629	c098
c368	c105
c552	c106
c108	c297
c098	c629
c281	c111
c631	c098
c112	c251
c106	c552
c105	c368
c102	c444
c098	c631
c108	c335
c261	c112
c663	c098
c105	c386
c349	c108
c098	c663
c624	c106
c112	c261
c108	c349
c105	c396
c675	c098
c106	c624
c102	c455
c684	c098
c357	c108
c105	c401
c098	c684
c281	c110
c677	c106
c108	c357
c685	c098
c102	c462
c105	c425
c098	c685
c106	c677
c108	c361
c692	c098
c098	c692
c102	c463
c105	c428
c115	c113
c108	c363
c721	c098
c118	c113
c114	c129
c098	c721
c381	c108
c105	c431
c281	c112
c102	c472
c142	c113
c110	c297
c731	c098
c114	c130
c108	c381
c105	c448
c175	c113
c734	c098
c113	c175
c114	c153
c110	c335
c098	c734
c407	c108
c210	c113
c105	c469
c102	c498
c741	c098
c113	c210
c114	c156
c108	c407
c349	c110
c098	c741
c220	c113
c105	c517
c114	c162
c110	c349
c232	c113
c102	c546
c746	c098
c108	c508
c114	c164
c105	c521
c357	c110
c098	c749
c267	c113
c392	c112
c108	c515
c110	c357
c114	c173
c272	c113
c105	c549
c750	c098
c112	c392
c102	c574
c113	c272
c528	c108
c110	c361
c105	c551
c114	c197
c757	c098
c275	c113
c108	c528
c110	c363
c456	c112
c114	c204
c576	c105
c118	c115
c102	c594
c112	c456
c381	c110
c105	c576
c114	c209
c142	c115
c575	c108
c110	c381
c115	c142
c105	c577
c102	c625
c114	c224
c112	c523
c115	c175
c585	c105
c407	c110
c114	c238
c108	c655
c115	c210
c105	c585
c110	c407
c102	c634
c114	c244
c536	c112
c281	c113
c108	c690
c220	c115
c105	c597
c115	c220
c114	c260
c710	c108
c571	c112
c110	c508
c102	c645
c232	c115
c105	c629
c108	c710
c112	c571
c115	c232
c110	c515
c105	c631
c108	c724
c267	c115
c528	c110
c102	c702
c105	c663
c285	c113
c115	c272
c110	c528
c776	c108
c293	c113
c675	c105
c275	c115
c119	c116
c309	c113
c108	c776
c102	c725
c115	c275
c310	c113
c105	c675
c116	c119
c575	c110
c113	c310
c108	c785
c281	c114
c340	c113
c105	c684
c102	c756
c113	c340
c108	c791
c362	c113
c110	c655
c797	c108
c105	c685
c377	c113
c263	c116
c108	c797
c399	c113
c102	c766
c110	c690
c105	c692
c113	c399
c799	c108
c114	c286
c710	c110
c415	c113
c105	c721
c281	c115
c420	c113
c108	c799
c102	c778
c294	c114
c110	c710
c113	c420
c731	c105
c114	c294
c443	c113
c110	c724
c105	c731
c118	c142
c530	c113
c114	c359
c105	c734
c113	c530
c118	c175
c776	c110
c368	c114
c531	c113
c281	c116
c105	c741
c110	c776
c285	c115
c534	c113
c118	c210
c114	c368
c113	c534
c110	c785
c115	c285
c540	c113
c118	c220
c746	c105
c114	c386
c572	c113
c110	c791
c293	c115
c113	c572
c118	c232
c114	c396
c105	c749
c115	c293
c581	c113
c797	c110
c281	c117
c114	c401
c267	c118
c750	c105
c115	c309
c582	c113
c110	c797
c353	c116
c118	c267
c114	c425
c105	c750
c115	c310
c799	c110
c605	c113
c116	c353
c118	c272
c114	c428
c115	c340
c105	c757
c606	c113
c110	c799
c362	c115
c118	c275
c114	c431
c441	c116
c610	c113
c115	c362
c623	c113
c114	c448
c116	c441
c377	c115
c113	c623
c263	c119
c638	c113
c114	c469
c115	c377
c113	c638
c501	c116
c642	c113
c115	c399
c114	c517
c113	c642
c116	c501
c415	c115
c114	c521
c683	c113
c115	c415
c281	c118
c552	c116
c115	c420
c114	c549
c703	c113
c281	c120
c443	c115
c114	c551
c116	c552
c718	c113
c115	c443
c281	c119
c576	c114
c723	c113
c115	c530
c114	c576
c769	c113
c624	c116
c531	c115
c113	c769
c114	c577
c115	c531
c784	c113
c118	c285
c116	c624
c113	c784
c115	c534
c585	c114
c281	c121
c793	c113
c540	c115
c118	c293
c114	c585
c677	c116
c115	c540
c114	c597
c118	c309
c116	c677
c115	c572
c353	c119
c114	c629
c126	c123
c118	c310
c581	c115
c119	c353
c128	c123
c114	c631
c115	c581
c124	c140
c123	c128
c118	c340
c582	c115
c114	c663
c441	c119
c207	c123
c118	c362
c124	c190
c675	c114
c605	c115
c119	c441
c217	c123
c118	c377
c124	c191
c606	c115
c281	c122
c114	c675
c115	c606
c501	c119
c248	c123
c118	c399
c124	c199
c114	c684
c610	c115
c118	c415
c119	c501
c114	c685
c124	c222
c115	c623
c166	c125
c118	c420
c115	c638
c114	c692
c124	c237
c552	c119
c125	c166
c115	c642
c118	c443
c124	c247
c114	c721
c119	c552
c125	c196
c683	c115
c731	c114
c124	c271
c118	c530
c200	c125
c624	c119
c703	c115
c114	c731
c281	c123
c118	c531
c125	c200
c119	c624
c718	c115
c114	c734
c126	c128
c118	c534
c723	c115
c677	c119
c114	c741
c125	c274
c118	c540
c207	c126
c115	c769
c119	c677
c118	c572
c746	c114
c217	c126
c332	c123
c115	c784
c123	c332
c118	c581
c793	c115
c114	c749
c281	c124
c248	c126
c123	c348
c115	c793
c582	c118
c750	c114
c393	c123
c123	c393
c118	c582
c114	c750
c207	c128
c395	c123
c605	c118
c398	c123
c114	c757
c281	c125
c217	c128
c123	c398
c118	c605
c129	c130
c438	c123
c248	c128
c124	c313
c118	c606
c153	c129
c446	c123
c156	c129
c123	c446
c610	c118
c129	c156
c281	c126
c383	c124
c118	c610
c129	c162
c324	c125
c124	c383
c281	c127
c164	c129
c118	c623
c125	c324
c458	c123
c173	c129
c384	c124
c129	c173
c118	c638
c125	c331
c197	c129
c281	c128
c507	c123
c124	c384
c118	c642
c129	c197
c126	c332
c533	c123
c204	c129
c123	c533
c129	c204
c344	c125
c126	c348
c124	c385
c683	c118
c209	c129
c123	c550
c125	c344
c129	c209
c123	c562
c126	c393
c118	c683
c224	c129
c124	c418
c573	c123
c395	c126
c125	c350
c129	c224
c703	c118
c126	c395
c600	c123
c124	c436
c238	c129
c125	c364
c118	c703
c126	c398
c332	c128
c622	c123
c244	c129
c124	c437
c128	c332
c123	c622
c365	c125
c438	c126
c260	c129
c718	c118
c128	c348
c635	c123
c124	c465
c129	c260
c125	c365
c123	c635
c126	c438
c393	c128
c118	c718
c466	c124
c128	c393
c125	c371
c126	c446
c123	c694
c723	c118
c124	c466
c395	c128
c123	c720
c458	c126
c118	c723
c398	c128
c125	c417
c730	c123
c124	c525
c128	c398
c123	c759
c125	c433
c507	c126
c118	c769
c153	c130
c438	c128
c124	c537
c126	c507
c156	c130
c444	c125
c774	c123
c446	c128
c162	c130
c118	c784
c281	c129
c126	c533
c556	c124
c128	c446
c788	c123
c125	c444
c130	c162
c123	c788
c126	c550
c118	c793
c125	c455
c164	c130
c124	c556
c458	c128
c126	c562
c173	c130
c462	c125
c124	c593
c507	c128
c197	c130
c573	c126
c204	c130
c125	c462
c533	c128
c286	c129
c126	c573
c209	c130
c128	c533
c628	c124
c463	c125
c294	c129
c224	c130
c600	c126
c128	c550
c125	c463
c128	c562
c359	c129
c126	c600
c238	c130
c124	c659
c129	c359
c573	c128
c125	c472
c126	c622
c244	c130
c281	c131
c368	c129
c600	c128
c124	c714
c260	c130
c126	c635
c125	c498
c622	c128
c386	c129
c728	c124
c128	c622
c281	c132
c129	c386
c126	c694
c635	c128
c125	c546
c396	c129
c124	c728
c126	c720
c128	c635
c401	c129
c730	c126
c128	c694
c125	c574
c129	c401
c126	c730
c128	c720
c129	c425
c133	c278
c125	c594
c730	c128
c126	c759
c428	c129
c128	c759
c774	c126
c125	c625
c431	c129
c281	c130
c774	c128
c448	c129
c126	c788
c125	c634
c788	c128
c129	c448
c128	c788
c645	c125
c469	c129
c125	c645
c517	c129
c521	c129
c281	c133
c129	c521
c286	c130
c125	c702
c549	c129
c294	c130
c725	c125
c551	c129
c129	c551
c359	c130
c125	c725
c368	c130
c576	c129
c281	c134
c125	c756
c129	c577
c386	c130
c281	c135
c396	c130
c585	c129
c125	c766
c287	c133
c401	c130
c281	c136
c597	c129
c425	c130
c125	c778
c629	c129
c130	c425
c404	c133
c129	c629
c428	c130
c181	c138
c631	c129
c133	c404
c431	c130
c129	c631
c138	c181
c281	c137
c448	c130
c663	c129
c129	c663
c469	c130
c273	c138
c557	c133
c675	c129
c517	c130
c138	c273
c684	c129
c133	c557
c521	c130
c129	c684
c685	c129
c133	c591
c549	c130
c129	c685
c551	c130
c692	c129
c617	c133
c129	c692
c576	c130
c133	c617
c721	c129
c577	c130
c190	c140
c129	c721
c130	c577
c140	c190
c731	c129
c585	c130
c140	c191
c281	c138
c779	c133
c734	c129
c597	c130
c199	c140
c129	c734
c133	c779
c629	c130
c140	c199
c142	c175
c741	c129
c631	c130
c129	c741
c222	c140
c142	c210
c663	c130
c140	c222
c220	c142
c214	c143
c675	c130
c237	c140
c142	c220
c746	c129
c281	c139
c684	c130
c143	c214
c140	c237
c291	c138
c232	c142
c685	c130
c129	c749
c140	c247
c142	c232
c692	c130
c721	c130
c140	c271
c323	c138
c750	c129
c267	c142
c731	c130
c138	c323
c757	c129
c142	c272
c281	c141
c734	c130
c741	c130
c275	c142
c358	c138
c142	c275
c138	c358
c746	c130
c749	c130
c281	c143
c130	c749
c403	c138
c750	c130
c281	c140
c138	c403
c149	c145
c757	c130
c145	c149
c513	c138
c264	c146
c281	c142
c138	c513
c281	c144
c172	c145
c146	c264
c596	c138
c202	c145
c313	c140
c138	c596
c145	c202
c140	c313
c612	c138
c145	c258
c383	c140
c138	c612
c285	c142
c768	c143
c145	c270
c384	c140
c142	c285
c653	c138
c385	c140
c281	c146
c293	c142
c140	c385
c138	c653
c142	c293
c281	c147
c418	c140
c142	c309
c140	c418
c138	c737
c172	c149
c142	c310
c436	c140
c140	c436
c142	c340
c202	c149
c437	c140
c303	c146
c362	c142
c281	c145
c140	c437
c149	c202
c142	c362
c146	c303
c281	c148
c140	c465
c377	c142
c149	c258
c320	c146
c466	c140
c142	c377
c149	c270
c142	c399
c146	c320
c525	c140
c415	c142
c140	c525
c142	c415
c140	c537
c145	c346
c256	c151
c281	c150
c471	c146
c142	c420
c556	c140
c145	c351
c151	c256
c146	c471
c443	c142
c593	c140
c142	c443
c145	c482
c140	c593
c646	c148
c609	c146
c281	c149
c142	c530
c145	c505
c531	c142
c146	c609
c628	c140
c142	c531
c516	c145
c142	c534
c140	c659
c613	c146
c145	c516
c540	c142
c142	c540
c281	c151
c714	c140
c145	c532
c614	c146
c140	c714
c146	c614
c142	c572
c145	c561
c728	c140
c153	c156
c581	c142
c149	c346
c598	c145
c153	c162
c142	c581
c164	c153
c773	c146
c149	c351
c145	c598
c582	c142
c153	c164
c146	c773
c281	c152
c145	c601
c153	c173
c605	c142
c145	c611
c149	c482
c391	c151
c153	c197
c606	c142
c153	c204
c149	c505
c142	c606
c145	c644
c153	c209
c496	c151
c516	c149
c610	c142
c153	c224
c145	c654
c151	c496
c281	c154
c238	c153
c149	c516
c142	c623
c153	c238
c656	c145
c539	c151
c149	c532
c142	c638
c244	c153
c145	c656
c281	c155
c151	c539
c142	c642
c149	c561
c153	c244
c145	c664
c156	c162
c683	c142
c598	c149
c651	c151
c153	c260
c164	c156
c149	c598
c145	c715
c173	c156
c151	c651
c703	c142
c156	c173
c149	c601
c747	c145
c197	c156
c718	c142
c701	c151
c156	c197
c149	c611
c145	c747
c723	c142
c151	c701
c204	c156
c156	c204
c149	c644
c145	c775
c142	c769
c209	c156
c149	c654
c156	c209
c142	c784
c168	c160
c281	c153
c224	c156
c656	c149
c793	c142
c156	c224
c160	c168
c142	c793
c149	c656
c238	c156
c244	c156
c149	c664
c235	c160
c260	c156
c156	c260
c286	c153
c160	c235
c149	c715
c153	c286
c747	c149
c281	c157
c294	c153
c281	c158
c149	c747
c281	c159
c153	c359
c149	c775
c281	c161
c368	c153
c164	c162
c281	c156
c153	c386
c173	c162
c281	c160
c197	c162
c396	c153
c153	c396
c204	c162
c153	c401
c209	c162
c153	c425
c224	c162
c238	c162
c428	c153
c244	c162
c153	c428
c260	c162
c164	c173
c431	c153
c286	c156
c153	c431
c164	c197
c294	c156
c301	c160
c164	c204
c160	c301
c153	c448
c359	c156
c156	c359
c164	c209
c469	c153
c164	c224
c368	c156
c153	c469
c281	c163
c386	c156
c238	c164
c491	c160
c517	c153
c166	c196
c156	c386
c164	c238
c281	c162
c396	c156
c153	c517
c160	c491
c200	c166
c244	c164
c401	c156
c153	c521
c156	c401
c164	c244
c166	c200
c281	c165
c156	c425
c506	c160
c549	c153
c164	c260
c428	c156
c160	c506
c153	c549
c166	c274
c431	c156
c153	c551
c448	c156
c563	c160
c156	c448
c576	c153
c286	c162
c160	c563
c469	c156
c153	c577
c294	c162
c517	c156
c585	c153
c603	c160
c521	c156
c359	c162
c597	c153
c160	c603
c156	c521
c281	c164
c153	c597
c368	c162
c549	c156
c620	c160
c281	c166
c551	c156
c153	c629
c386	c162
c246	c167
c156	c551
c160	c620
c153	c631
c396	c162
c235	c168
c576	c156
c153	c663
c641	c160
c401	c162
c168	c235
c156	c577
c425	c162
c160	c641
c675	c153
c162	c425
c585	c156
c286	c164
c153	c684
c428	c162
c597	c156
c164	c286
c153	c685
c431	c162
c324	c166
c629	c156
c153	c692
c753	c160
c448	c162
c294	c164
c156	c629
c166	c324
c631	c156
c153	c721
c469	c162
c281	c167
c156	c631
c164	c359
c780	c160
c166	c331
c731	c153
c517	c162
c663	c156
c368	c164
c160	c780
c156	c663
c153	c734
c521	c162
c344	c166
c281	c168
c153	c741
c675	c156
c549	c162
c164	c386
c166	c344
c551	c162
c684	c156
c166	c350
c396	c164
c156	c684
c746	c153
c576	c162
c685	c156
c164	c396
c166	c364
c153	c749
c156	c685
c577	c162
c164	c401
c692	c156
c333	c167
c162	c577
c365	c166
c750	c153
c156	c692
c164	c425
c167	c333
c757	c153
c166	c365
c585	c162
c301	c168
c721	c156
c428	c164
c156	c721
c153	c757
c597	c162
c341	c167
c164	c428
c166	c371
c168	c301
c629	c162
c281	c169
c731	c156
c167	c341
c431	c164
c631	c162
c734	c156
c166	c417
c164	c431
c156	c734
c663	c162
c741	c156
c164	c448
c166	c433
c156	c741
c491	c168
c616	c167
c675	c162
c469	c164
c444	c166
c684	c162
c164	c469
c167	c616
c168	c491
c746	c156
c166	c444
c685	c162
c517	c164
c506	c168
c692	c162
c156	c749
c166	c455
c743	c167
c164	c517
c721	c162
c168	c506
c750	c156
c164	c521
c462	c166
c167	c743
c281	c170
c731	c162
c757	c156
c549	c164
c563	c168
c166	c462
c734	c162
c164	c549
c741	c162
c168	c563
c463	c166
c197	c173
c164	c551
c173	c197
c166	c463
c576	c164
c204	c173
c603	c168
c746	c162
c172	c202
c173	c204
c166	c472
c164	c577
c749	c162
c168	c603
c209	c173
c162	c749
c173	c209
c585	c164
c166	c498
c224	c173
c620	c168
c750	c162
c597	c164
c172	c258
c173	c224
c757	c162
c168	c620
c164	c597
c238	c173
c170	c468
c166	c546
c281	c171
c164	c629
c244	c173
c172	c270
c641	c168
c164	c631
c166	c574
c260	c173
c168	c641
c173	c260
c164	c663
c166	c594
c675	c164
c166	c625
c164	c684
c210	c175
c753	c168
c175	c210
c164	c685
c166	c634
c220	c175
c164	c692
c780	c168
c281	c174
c232	c175
c645	c166
c164	c721
c168	c780
c281	c172
c267	c175
c731	c164
c166	c645
c272	c175
c281	c173
c164	c734
c175	c272
c275	c175
c164	c741
c166	c702
c746	c164
c725	c166
c164	c749
c166	c725
c286	c173
c750	c164
c281	c176
c166	c756
c172	c346
c757	c164
c294	c173
c166	c766
c164	c757
c281	c177
c359	c173
c281	c175
c166	c778
c172	c351
c173	c359
c368	c173
c386	c173
c173	c386
c172	c482
c396	c173
c281	c178
c285	c175
c401	c173
c293	c175
c173	c401
c273	c181
c172	c505
c281	c179
c173	c425
c309	c175
c281	c180
c181	c273
c428	c173
c310	c175
c175	c310
c431	c173
c172	c516
c340	c175
c448	c173
c175	c340
c173	c448
c172	c532
c362	c175
c469	c173
c377	c175
c517	c173
c172	c561
c399	c175
c521	c173
c281	c182
c175	c399
c173	c521
c281	c181
c415	c175
c549	c173
c172	c598
c551	c173
c420	c175
c173	c551
c175	c420
c443	c175
c576	c173
c172	c601
c173	c577
c530	c175
c175	c530
c585	c173
c172	c611
c531	c175
c291	c181
c597	c173
c281	c183
c534	c175
c629	c173
c175	c534
c323	c181
c281	c184
c173	c629
c631	c173
c172	c644
c540	c175
c181	c323
c173	c631
c281	c185
c663	c173
c572	c175
c358	c181
c173	c663
c175	c572
c181	c358
c172	c654
c581	c175
c675	c173
c684	c173
c582	c175
c403	c181
c173	c684
c685	c173
c605	c175
c181	c403
c172	c656
c173	c685
c606	c175
c692	c173
c281	c186
c173	c692
c610	c175
c513	c181
c172	c664
c721	c173
c623	c175
c173	c721
c175	c623
c181	c513
c638	c175
c731	c173
c175	c638
c172	c715
c734	c173
c642	c175
c596	c181
c173	c734
c175	c642
c741	c173
c181	c596
c683	c175
c173	c741
c172	c747
c612	c181
c703	c175
c746	c173
c181	c612
c718	c175
c172	c775
c173	c749
c281	c187
c653	c181
c723	c175
c750	c173
c190	c191
c181	c653
c769	c175
c757	c173
c281	c188
c199	c190
c175	c769
c784	c175
c190	c199
c199	c191
c281	c189
c181	c737
c175	c784
c222	c190
c222	c191
c793	c175
c190	c222
c237	c191
c237	c190
c247	c191
c190	c237
c191	c247
c271	c191
c190	c247
c191	c271
c190	c271
c281	c192
c281	c193
c200	c196
c204	c197
c281	c194
c197	c204
c274	c196
c209	c197
c197	c209
c224	c197
c281	c191
c281	c195
c197	c224
c281	c190
c238	c197
c244	c197
c260	c197
c197	c260
c222	c199
c199	c222
c281	c196
c237	c199
c199	c237
c199	c247
c313	c191
c199	c271
c313	c190
c383	c191
c190	c313
c281	c198
c281	c197
c384	c191
c324	c196
c383	c190
c385	c191
c331	c196
c384	c190
c418	c191
c200	c274
c385	c190
c436	c191
c190	c385
c344	c196
c437	c191
c281	c199
c418	c190
c350	c196
c286	c197
c465	c191
c190	c418
c196	c350
c191	c465
c294	c197
c436	c190
c364	c196
c466	c191
c190	c436
c359	c197
c365	c196
c197	c359
c437	c190
c525	c191
c371	c196
c537	c191
c196	c371
c190	c437
c368	c197
c281	c200
c313	c199
c191	c537
c386	c197
c417	c196
c190	c465
c199	c313
c197	c386
c196	c417
c556	c191
c466	c190
c433	c196
c396	c197
c383	c199
c593	c191
c196	c433
c281	c201
c401	c197
c525	c190
c197	c401
c202	c258
c384	c199
c444	c196
c197	c425
c190	c525
c628	c191
c455	c196
c202	c270
c385	c199
c428	c197
c190	c537
c199	c385
c659	c191
c431	c197
c462	c196
c324	c200
c556	c190
c191	c659
c448	c197
c418	c199
c463	c196
c197	c448
c200	c324
c714	c191
c199	c418
c593	c190
c472	c196
c469	c197
c190	c593
c200	c331
c196	c472
c436	c199
c728	c191
c517	c197
c199	c436
c498	c196
c344	c200
c521	c197
c196	c498
c437	c199
c628	c190
c212	c203
c197	c521
c209	c204
c200	c344
c199	c437
c281	c202
c546	c196
c203	c212
c204	c209
c549	c197
c190	c659
c196	c546
c200	c350
c199	c465
c224	c204
c551	c197
c574	c196
c204	c224
c714	c190
c197	c551
c466	c199
c196	c574
c200	c364
c238	c204
c190	c714
c576	c197
c594	c196
c365	c200
c525	c199
c244	c204
c728	c190
c197	c577
c196	c625
c199	c525
c200	c365
c260	c204
c196	c634
c585	c197
c202	c346
c204	c260
c199	c537
c200	c371
c597	c197
c645	c196
c202	c351
c556	c199
c629	c197
c702	c196
c281	c203
c200	c417
c197	c629
c196	c702
c593	c199
c631	c197
c202	c482
c200	c433
c199	c593
c197	c631
c725	c196
c444	c200
c663	c197
c756	c196
c197	c663
c202	c505
c628	c199
c196	c756
c200	c444
c281	c204
c675	c197
c766	c196
c516	c202
c281	c205
c684	c197
c200	c455
c196	c766
c199	c659
c372	c203
c197	c684
c202	c516
c778	c196
c462	c200
c685	c197
c714	c199
c197	c685
c196	c778
c203	c372
c692	c197
c200	c462
c199	c714
c202	c532
c197	c692
c286	c204
c728	c199
c721	c197
c463	c200
c430	c203
c202	c561
c197	c721
c294	c204
c203	c430
c200	c463
c598	c202
c217	c207
c731	c197
c359	c204
c460	c203
c200	c472
c204	c359
c202	c598
c734	c197
c207	c217
c197	c734
c203	c460
c368	c204
c202	c601
c741	c197
c248	c207
c200	c498
c386	c204
c197	c741
c281	c206
c202	c611
c207	c248
c204	c386
c483	c203
c200	c546
c396	c204
c746	c197
c202	c644
c401	c204
c200	c574
c197	c749
c204	c401
c202	c654
c204	c425
c750	c197
c707	c203
c200	c594
c656	c202
c428	c204
c757	c197
c203	c707
c281	c208
c202	c656
c431	c204
c200	c625
c224	c209
c448	c204
c209	c224
c202	c664
c200	c634
c220	c210
c204	c448
c281	c207
c238	c209
c232	c210
c469	c204
c645	c200
c202	c715
c244	c209
c517	c204
c267	c210
c200	c645
c747	c202
c521	c204
c260	c209
c272	c210
c202	c747
c210	c272
c204	c521
c209	c260
c200	c702
c275	c210
c549	c204
c202	c775
c725	c200
c551	c204
c207	c332
c204	c551
c200	c725
c281	c211
c207	c348
c576	c204
c200	c756
c204	c577
c207	c393
c200	c766
c585	c204
c207	c395
c281	c209
c200	c778
c281	c210
c207	c398
c597	c204
c629	c204
c207	c438
c204	c629
c281	c212
c631	c204
c207	c446
c204	c631
c663	c204
c204	c663
c286	c209
c458	c207
c281	c213
c675	c204
c285	c210
c294	c209
c684	c204
c207	c507
c293	c210
c204	c684
c359	c209
c281	c214
c209	c359
c685	c204
c309	c210
c372	c212
c204	c685
c207	c533
c310	c210
c368	c209
c692	c204
c210	c310
c212	c372
c386	c209
c204	c692
c207	c550
c340	c210
c209	c386
c721	c204
c210	c340
c396	c209
c430	c212
c204	c721
c207	c562
c362	c210
c401	c209
c731	c204
c212	c430
c209	c401
c377	c210
c207	c573
c734	c204
c209	c425
c399	c210
c460	c212
c204	c734
c210	c399
c428	c209
c207	c600
c281	c215
c741	c204
c212	c460
c431	c209
c415	c210
c204	c741
c207	c622
c420	c210
c448	c209
c210	c420
c209	c448
c207	c635
c483	c212
c746	c204
c443	c210
c469	c209
c204	c749
c768	c214
c530	c210
c207	c694
c517	c209
c210	c530
c750	c204
c521	c209
c207	c720
c531	c210
c209	c521
c707	c212
c757	c204
c248	c217
c534	c210
c549	c209
c207	c730
c210	c534
c212	c707
c217	c248
c551	c209
c540	c210
c281	c216
c207	c759
c209	c551
c572	c210
c210	c572
c576	c209
c774	c207
c581	c210
c209	c577
c232	c220
c207	c774
c582	c210
c220	c232
c585	c209
c207	c788
c597	c209
c605	c210
c267	c220
c629	c209
c281	c218
c606	c210
c209	c629
c220	c272
c610	c210
c631	c209
c281	c217
c275	c220
c209	c631
c623	c210
c281	c219
c216	c691
c210	c623
c220	c275
c663	c209
c638	c210
c209	c663
c210	c638
c237	c222
c675	c209
c642	c210
c684	c209
c210	c642
c222	c237
c209	c684
c222	c247
c685	c209
c281	c221
c683	c210
c209	c685
c222	c271
c692	c209
c703	c210
c209	c692
c217	c332
c718	c210
c721	c209
c209	c721
c723	c210
c281	c220
c217	c348
c731	c209
c769	c210
c734	c209
c210	c769
c217	c393
c209	c734
c784	c210
c741	c209
c210	c784
c217	c395
c209	c741
c793	c210
c281	c222
c238	c224
c217	c398
c244	c224
c746	c209
c285	c220
c260	c224
c217	c438
c209	c749
c224	c260
c220	c285
c281	c223
c293	c220
c217	c446
c750	c209
c220	c293
c757	c209
c313	c222
c220	c309
c458	c217
c220	c310
c222	c313
c281	c225
c220	c340
c254	c227
c217	c507
c281	c226
c383	c222
c362	c220
c227	c254
c217	c533
c220	c362
c281	c224
c384	c222
c257	c227
c217	c550
c377	c220
c385	c222
c227	c257
c220	c377
c217	c562
c222	c385
c220	c399
c418	c222
c217	c573
c222	c418
c415	c220
c217	c600
c436	c222
c220	c415
c286	c224
c222	c436
c217	c622
c220	c420
c437	c222
c294	c224
c443	c220
c217	c635
c281	c227
c222	c437
c220	c443
c359	c224
c224	c359
c217	c694
c222	c465
c220	c530
c368	c224
c281	c228
c466	c222
c217	c720
c531	c220
c386	c224
c224	c386
c220	c531
c525	c222
c217	c730
c396	c224
c222	c525
c227	c297
c220	c534
c281	c229
c401	c224
c217	c759
c222	c537
c540	c220
c224	c401
c227	c335
c774	c217
c224	c425
c220	c540
c556	c222
c349	c227
c428	c224
c217	c774
c220	c572
c593	c222
c431	c224
c581	c220
c227	c349
c217	c788
c222	c593
c448	c224
c281	c230
c220	c581
c357	c227
c224	c448
c267	c232
c227	c357
c469	c224
c582	c220
c628	c222
c232	c272
c227	c361
c517	c224
c275	c232
c222	c659
c521	c224
c227	c363
c605	c220
c232	c275
c224	c521
c714	c222
c381	c227
c549	c224
c606	c220
c222	c714
c551	c224
c227	c381
c220	c606
c224	c551
c281	c231
c728	c222
c610	c220
c407	c227
c576	c224
c220	c623
c227	c407
c224	c577
c220	c638
c281	c232
c585	c224
c227	c508
c220	c642
c597	c224
c227	c515
c683	c220
c629	c224
c281	c233
c224	c629
c528	c227
c631	c224
c227	c528
c703	c220
c224	c631
c281	c234
c663	c224
c285	c232
c718	c220
c224	c663
c575	c227
c232	c285
c675	c224
c723	c220
c293	c232
c684	c224
c281	c235
c220	c769
c224	c684
c227	c655
c232	c293
c685	c224
c220	c784
c224	c685
c232	c309
c227	c690
c793	c220
c692	c224
c232	c310
c281	c236
c220	c793
c224	c692
c710	c227
c232	c340
c721	c224
c237	c247
c227	c710
c244	c238
c224	c721
c362	c232
c237	c271
c238	c244
c227	c724
c232	c362
c731	c224
c301	c235
c238	c260
c734	c224
c377	c232
c776	c227
c224	c734
c235	c301
c232	c377
c741	c224
c227	c776
c232	c399
c224	c741
c415	c232
c227	c785
c491	c235
c746	c224
c232	c415
c227	c791
c232	c420
c224	c749
c235	c491
c281	c237
c797	c227
c443	c232
c750	c224
c281	c238
c506	c235
c227	c797
c232	c443
c757	c224
c235	c506
c799	c227
c232	c530
c281	c239
c227	c799
c563	c235
c531	c232
c235	c563
c232	c531
c313	c237
c286	c238
c232	c534
c603	c235
c237	c313
c238	c286
c540	c232
c235	c603
c294	c238
c232	c540
c281	c240
c383	c237
c620	c235
c232	c572
c238	c359
c384	c237
c281	c241
c235	c620
c581	c232
c385	c237
c368	c238
c232	c581
c237	c385
c641	c235
c238	c386
c281	c242
c582	c232
c418	c237
c235	c641
c396	c238
c237	c418
c238	c396
c605	c232
c436	c237
c238	c401
c606	c232
c237	c436
c232	c606
c753	c235
c238	c425
c437	c237
c610	c232
c428	c238
c237	c437
c780	c235
c238	c428
c232	c623
c237	c465
c235	c780
c431	c238
c244	c260
c232	c638
c466	c237
c238	c431
c232	c642
c281	c243
c238	c448
c525	c237
c683	c232
c469	c238
c237	c525
c238	c469
c703	c232
c237	c537
c271	c247
c517	c238
c718	c232
c247	c271
c556	c237
c238	c517
c723	c232
c593	c237
c238	c521
c281	c244
c281	c245
c281	c246
c237	c593
c549	c238
c232	c769
c238	c549
c232	c784
c628	c237
c238	c551
c793	c232
c576	c238
c232	c793
c237	c659
c238	c577
c281	c247
c714	c237
c286	c244
c585	c238
c237	c714
c244	c286
c597	c238
c728	c237
c294	c244
c245	c336
c246	c333
c238	c597
c244	c359
c238	c629
c313	c247
c368	c244
c246	c341
c238	c631
c281	c248
c383	c247
c244	c386
c281	c249
c238	c663
c396	c244
c384	c247
c244	c396
c675	c238
c385	c247
c244	c401
c245	c584
c238	c684
c418	c247
c238	c685
c281	c250
c244	c425
c436	c247
c246	c616
c238	c692
c245	c589
c437	c247
c428	c244
c248	c332
c238	c721
c244	c428
c465	c247
c247	c465
c731	c238
c431	c244
c248	c348
c244	c431
c466	c247
c238	c734
c246	c743
c244	c448
c238	c741
c248	c393
c525	c247
c469	c244
c261	c251
c537	c247
c248	c395
c746	c238
c244	c469
c247	c537
c248	c398
c238	c749
c517	c244
c556	c247
c257	c254
c750	c238
c244	c517
c248	c438
c254	c257
c593	c247
c244	c521
c757	c238
c248	c446
c238	c757
c549	c244
c628	c247
c244	c549
c458	c248
c281	c252
c244	c551
c281	c251
c659	c247
c247	c659
c281	c253
c576	c244
c248	c507
c714	c247
c244	c577
c248	c533
c728	c247
c281	c254
c585	c244
c248	c550
c597	c244
c248	c562
c244	c597
c392	c251
c281	c255
c248	c573
c244	c629
c456	c251
c244	c631
c248	c600
c244	c663
c523	c251
c248	c622
c675	c244
c251	c523
c254	c297
c248	c635
c244	c684
c258	c270
c281	c256
c254	c335
c536	c251
c244	c685
c248	c694
c244	c692
c349	c254
c571	c251
c248	c720
c244	c721
c254	c349
c366	c255
c731	c244
c248	c730
c357	c254
c244	c734
c248	c759
c254	c357
c281	c257
c244	c741
c543	c255
c774	c248
c254	c361
c391	c256
c281	c258
c248	c774
c254	c363
c255	c543
c746	c244
c496	c256
c381	c254
c244	c749
c248	c788
c256	c496
c254	c381
c257	c297
c750	c244
c713	c255
c539	c256
c407	c254
c281	c259
c757	c244
c258	c346
c257	c335
c255	c713
c256	c539
c244	c757
c258	c351
c254	c407
c349	c257
c740	c255
c651	c256
c258	c482
c254	c508
c257	c349
c505	c258
c255	c740
c256	c651
c254	c515
c357	c257
c281	c260
c516	c258
c701	c256
c257	c357
c528	c254
c258	c532
c257	c361
c561	c258
c256	c701
c254	c528
c258	c561
c281	c261
c257	c363
c598	c258
c381	c257
c286	c260
c258	c601
c575	c254
c258	c611
c257	c381
c294	c260
c644	c258
c407	c257
c258	c644
c281	c262
c359	c260
c258	c654
c254	c655
c260	c359
c257	c407
c281	c263
c656	c258
c368	c260
c392	c261
c254	c690
c258	c664
c386	c260
c257	c508
c281	c264
c261	c392
c260	c386
c258	c715
c710	c254
c257	c515
c396	c260
c254	c710
c401	c260
c528	c257
c747	c258
c260	c401
c456	c261
c254	c724
c260	c425
c257	c528
c775	c258
c428	c260
c261	c456
c776	c254
c431	c260
c263	c353
c303	c264
c448	c260
c254	c776
c575	c257
c261	c523
c260	c448
c264	c303
c254	c785
c469	c260
c536	c261
c257	c655
c320	c264
c254	c791
c263	c441
c517	c260
c264	c320
c521	c260
c797	c254
c257	c690
c571	c261
c260	c521
c254	c797
c549	c260
c261	c571
c281	c265
c710	c257
c263	c501
c471	c264
c551	c260
c799	c254
c257	c710
c260	c551
c264	c471
c254	c799
c263	c552
c576	c260
c257	c724
c267	c272
c260	c577
c281	c266
c609	c264
c585	c260
c267	c275
c776	c257
c263	c624
c597	c260
c264	c609
c257	c776
c629	c260
c260	c629
c257	c785
c613	c264
c263	c677
c631	c260
c260	c631
c257	c791
c614	c264
c663	c260
c797	c257
c281	c268
c260	c663
c264	c614
c257	c797
c281	c267
c675	c260
c799	c257
c684	c260
c773	c264
c260	c684
c257	c799
c685	c260
c264	c773
c275	c272
c260	c685
c281	c269
c692	c260
c267	c285
c260	c692
c281	c270
c721	c260
c267	c293
c260	c721
c731	c260
c267	c309
c734	c260
c267	c310
c281	c271
c260	c734
c741	c260
c267	c340
c260	c741
c281	c272
c281	c273
c346	c270
c267	c362
c270	c346
c746	c260
c267	c377
c351	c270
c260	c749
c270	c351
c267	c399
c750	c260
c482	c270
c757	c260
c270	c482
c267	c415
c313	c271
c281	c274
c505	c270
c285	c272
c267	c420
c293	c272
c383	c271
c516	c270
c291	c273
c281	c275
c267	c443
c309	c272
c532	c270
c384	c271
c310	c272
c270	c532
c272	c310
c323	c273
c385	c271
c561	c270
c267	c530
c340	c272
c273	c323
c272	c340
c418	c271
c267	c531
c598	c270
c362	c272
c436	c271
c601	c270
c324	c274
c358	c273
c281	c276
c270	c601
c437	c271
c267	c534
c377	c272
c611	c270
c331	c274
c285	c275
c273	c358
c270	c611
c465	c271
c399	c272
c274	c331
c275	c285
c271	c465
c272	c399
c644	c270
c267	c540
c403	c273
c654	c270
c344	c274
c415	c272
c293	c275
c466	c271
c270	c654
c420	c272
c273	c403
c274	c350
c275	c293
c267	c572
c656	c270
c272	c420
c525	c271
c364	c274
c275	c309
c664	c270
c443	c272
c537	c271
c267	c581
c274	c364
c270	c664
c275	c310
c513	c273
c271	c537
c530	c272
c582	c267
c715	c270
c365	c274
c272	c530
c273	c513
c275	c340
c270	c715
c556	c271
c267	c582
c531	c272
c274	c371
c362	c275
c534	c272
c747	c270
c593	c271
c272	c534
c605	c267
c274	c417
c275	c362
c596	c273
c775	c270
c540	c272
c267	c605
c274	c433
c377	c275
c273	c596
c628	c271
c572	c272
c275	c377
c272	c572
c267	c606
c444	c274
c659	c271
c612	c273
c581	c272
c275	c399
c271	c659
c455	c274
c610	c267
c273	c612
c415	c275
c582	c272
c274	c455
c267	c610
c714	c271
c275	c415
c653	c273
c462	c274
c605	c272
c728	c271
c267	c623
c275	c420
c606	c272
c273	c653
c463	c274
c443	c275
c267	c638
c281	c278
c281	c277
c610	c272
c274	c472
c275	c443
c623	c272
c267	c642
c273	c737
c274	c498
c272	c623
c275	c530
c638	c272
c683	c267
c274	c546
c272	c638
c531	c275
c642	c272
c267	c683
c275	c531
c272	c642
c274	c574
c275	c534
c703	c267
c594	c274
c683	c272
c540	c275
c281	c279
c267	c703
c274	c594
c287	c278
c275	c540
c703	c272
c274	c625
c275	c572
c718	c267
c718	c272
c274	c634
c581	c275
c267	c718
c281	c280
c723	c272
c404	c278
c645	c274
c275	c581
c769	c272
c723	c267
c272	c769
c582	c275
c274	c702
c784	c272
c267	c723
c272	c784
c557	c278
c605	c275
c725	c274
c793	c272
c591	c278
c606	c275
c267	c769
c274	c756
c278	c591
c275	c606
c267	c784
c274	c766
c617	c278
c610	c275
c274	c778
c267	c793
c281	c282
c275	c623
c293	c285
c275	c638
c779	c278
c285	c293
c275	c642
c294	c286
c285	c309
c683	c275
c285	c310
c286	c359
c287	c404
c703	c275
c285	c340
c368	c286
c362	c285
c718	c275
c286	c386
c285	c362
c396	c286
c723	c275
c286	c396
c377	c285
c287	c557
c275	c769
c286	c401
c285	c377
c291	c323
c275	c784
c286	c425
c285	c399
c281	c283
c793	c275
c287	c591
c428	c286
c415	c285
c286	c428
c275	c793
c291	c358
c285	c415
c431	c286
c293	c309
c285	c420
c287	c617
c286	c431
c293	c310
c291	c403
c443	c285
c286	c448
c293	c340
c285	c443
c294	c359
c362	c293
c469	c286
c285	c530
c293	c362
c287	c779
c368	c294
c291	c513
c286	c469
c531	c285
c294	c368
c377	c293
c285	c531
c517	c286
c293	c377
c286	c517
c285	c534
c294	c386
c291	c596
c286	c521
c293	c399
c540	c285
c294	c396
c285	c540
c549	c286
c415	c293
c281	c284
c291	c612
c286	c549
c293	c415
c294	c401
c285	c572
c286	c551
c293	c420
c581	c285
c335	c297
c294	c425
c576	c286
c443	c293
c285	c581
c297	c335
c291	c653
c294	c428
c293	c443
c286	c577
c582	c285
c349	c297
c294	c431
c585	c286
c605	c285
c293	c530
c397	c298
c357	c297
c294	c448
c597	c286
c531	c293
c606	c285
c291	c737
c361	c297
c286	c597
c298	c397
c293	c531
c285	c606
c294	c469
c297	c361
c286	c629
c293	c534
c610	c285
c363	c297
c480	c298
c294	c517
c286	c631
c540	c293
c297	c363
c285	c623
c298	c480
c293	c540
c294	c521
c286	c663
c285	c638
c381	c297
c281	c285
c293	c572
c675	c286
c294	c549
c285	c642
c407	c297
c581	c293
c286	c684
c294	c551
c683	c285
c293	c581
c286	c685
c576	c294
c286	c692
c582	c293
c703	c285
c297	c508
c294	c576
c286	c721
c515	c297
c605	c293
c718	c285
c491	c301
c297	c515
c294	c577
c731	c286
c606	c293
c301	c491
c723	c285
c286	c734
c293	c606
c528	c297
c585	c294
c506	c301
c285	c769
c286	c741
c610	c293
c294	c585
c285	c784
c301	c506
c293	c623
c575	c297
c294	c597
c746	c286
c793	c285
c293	c638
c285	c793
c563	c301
c281	c286
c294	c629
c286	c749
c293	c642
c655	c297
c301	c563
c320	c303
c294	c631
c750	c286
c297	c655
c683	c293
c303	c320
c757	c286
c690	c297
c294	c663
c603	c301
c703	c293
c286	c757
c297	c690
c301	c603
c675	c294
c718	c293
c710	c297
c471	c303
c294	c675
c620	c301
c723	c293
c724	c297
c303	c471
c301	c620
c294	c684
c297	c724
c293	c769
c294	c685
c641	c301
c293	c784
c609	c303
c776	c297
c294	c692
c301	c641
c793	c293
c303	c609
c785	c297
c293	c793
c294	c721
c281	c287
c297	c785
c731	c294
c613	c303
c297	c791
c309	c310
c753	c301
c294	c731
c309	c340
c614	c303
c797	c297
c362	c309
c340	c310
c294	c734
c303	c614
c780	c301
c799	c297
c310	c340
c377	c309
c294	c741
c362	c310
c301	c780
c309	c399
c377	c310
c415	c309
c746	c294
c773	c303
c399	c310
c309	c420
c383	c313
c310	c399
c303	c773
c294	c749
c443	c309
c415	c310
c384	c313
c750	c294
c420	c310
c385	c313
c310	c420
c309	c530
c294	c750
c313	c385
c422	c314
c443	c310
c531	c309
c281	c288
c294	c757
c418	c313
c309	c534
c530	c310
c310	c530
c313	c418
c540	c309
c531	c310
c390	c317
c309	c572
c436	c313
c534	c310
c310	c534
c313	c436
c581	c309
c317	c390
c540	c310
c437	c313
c582	c309
c572	c310
c313	c437
c310	c572
c494	c317
c605	c309
c581	c310
c313	c465
c317	c494
c606	c309
c582	c310
c466	c313
c610	c309
c471	c320
c605	c310
c525	c313
c309	c623
c595	c317
c320	c471
c606	c310
c313	c525
c309	c638
c281	c289
c309	c642
c610	c310
c358	c323
c313	c537
c324	c331
c658	c317
c623	c310
c683	c309
c609	c320
c310	c623
c556	c313
c344	c324
c323	c358
c317	c658
c638	c310
c320	c609
c703	c309
c310	c638
c324	c344
c593	c313
c642	c310
c673	c317
c313	c593
c403	c323
c718	c309
c324	c350
c310	c642
c613	c320
c317	c673
c323	c403
c723	c309
c683	c310
c324	c364
c628	c313
c614	c320
c676	c317
c309	c769
c365	c324
c703	c310
c317	c676
c320	c614
c309	c784
c313	c659
c513	c323
c324	c365
c718	c310
c793	c309
c714	c313
c323	c513
c324	c371
c723	c310
c796	c317
c313	c714
c773	c320
c769	c310
c281	c290
c317	c796
c596	c323
c324	c417
c320	c773
c310	c769
c728	c313
c784	c310
c323	c596
c324	c433
c310	c784
c355	c327
c793	c310
c612	c323
c444	c324
c323	c612
c324	c444
c394	c327
c379	c330
c324	c455
c653	c323
c327	c394
c330	c379
c332	c348
c344	c331
c462	c324
c323	c653
c341	c333
c393	c332
c331	c350
c414	c327
c408	c330
c324	c462
c332	c393
c364	c331
c333	c341
c327	c414
c330	c408
c395	c332
c323	c737
c463	c324
c331	c364
c398	c332
c324	c463
c332	c398
c365	c331
c281	c291
c435	c330
c616	c333
c438	c332
c331	c371
c324	c472
c446	c332
c470	c330
c333	c616
c331	c417
c332	c446
c324	c498
c349	c335
c330	c470
c331	c433
c357	c335
c743	c333
c458	c332
c324	c546
c479	c330
c444	c331
c361	c335
c333	c743
c330	c479
c455	c331
c324	c574
c507	c332
c335	c361
c584	c336
c331	c455
c363	c335
c533	c332
c509	c330
c324	c594
c336	c584
c462	c331
c332	c533
c335	c363
c330	c509
c332	c550
c589	c336
c463	c331
c324	c625
c381	c335
c332	c562
c514	c330
c331	c472
c336	c589
c324	c634
c573	c332
c330	c514
c407	c335
c281	c292
c331	c498
c600	c332
c645	c324
c331	c546
c622	c332
c324	c645
c335	c508
c332	c622
c331	c574
c686	c330
c515	c335
c635	c332
c594	c331
c324	c702
c332	c635
c335	c515
c330	c686
c331	c594
c362	c340
c725	c324
c332	c694
c528	c335
c331	c625
c698	c330
c332	c720
c377	c340
c324	c725
c331	c634
c330	c698
c399	c340
c730	c332
c616	c341
c575	c335
c340	c399
c645	c331
c324	c756
c332	c759
c745	c330
c341	c616
c415	c340
c331	c702
c324	c766
c774	c332
c420	c340
c655	c335
c330	c745
c340	c420
c788	c332
c725	c331
c335	c655
c324	c778
c281	c293
c743	c341
c443	c340
c332	c788
c758	c330
c690	c335
c341	c743
c331	c756
c530	c340
c330	c758
c335	c690
c340	c530
c331	c766
c767	c330
c344	c350
c531	c340
c331	c778
c710	c335
c330	c767
c534	c340
c344	c364
c351	c346
c340	c534
c724	c335
c346	c351
c782	c330
c540	c340
c365	c344
c335	c724
c572	c340
c330	c782
c482	c346
c344	c365
c340	c572
c346	c482
c776	c335
c789	c330
c581	c340
c344	c371
c505	c346
c785	c335
c330	c789
c582	c340
c335	c785
c516	c346
c393	c348
c344	c417
c532	c346
c335	c791
c605	c340
c395	c348
c364	c350
c357	c349
c398	c348
c346	c532
c606	c340
c281	c294
c797	c335
c344	c433
c365	c350
c349	c357
c438	c348
c561	c346
c610	c340
c446	c348
c799	c335
c371	c350
c444	c344
c349	c361
c623	c340
c598	c346
c350	c371
c344	c444
c340	c623
c601	c346
c349	c363
c458	c348
c482	c351
c417	c350
c346	c601
c351	c482
c638	c340
c350	c417
c344	c455
c381	c349
c611	c346
c340	c638
c507	c348
c505	c351
c433	c350
c346	c611
c642	c340
c462	c344
c349	c381
c350	c433
c533	c348
c340	c642
c644	c346
c516	c351
c550	c348
c344	c462
c654	c346
c444	c350
c532	c351
c348	c550
c407	c349
c683	c340
c346	c654
c463	c344
c351	c532
c562	c348
c455	c350
c349	c407
c348	c562
c656	c346
c703	c340
c561	c351
c344	c463
c462	c350
c664	c346
c573	c348
c718	c340
c598	c351
c346	c664
c344	c472
c600	c348
c349	c508
c463	c350
c601	c351
c281	c295
c715	c346
c723	c340
c622	c348
c351	c601
c346	c715
c472	c350
c344	c498
c349	c515
c635	c348
c611	c351
c769	c340
c350	c472
c351	c611
c340	c769
c747	c346
c694	c348
c528	c349
c784	c340
c344	c546
c644	c351
c498	c350
c348	c694
c340	c784
c775	c346
c654	c351
c349	c528
c350	c498
c720	c348
c351	c654
c793	c340
c348	c720
c344	c574
c546	c350
c730	c348
c656	c351
c350	c546
c575	c349
c344	c594
c664	c351
c759	c348
c574	c350
c441	c353
c351	c664
c348	c759
c350	c574
c344	c625
c353	c441
c715	c351
c349	c655
c774	c348
c594	c350
c351	c715
c344	c634
c350	c625
c788	c348
c501	c353
c349	c690
c747	c351
c350	c634
c645	c344
c281	c296
c353	c501
c775	c351
c710	c349
c645	c350
c355	c394
c344	c645
c349	c710
c357	c361
c702	c350
c552	c353
c350	c702
c357	c363
c344	c702
c353	c552
c355	c414
c349	c724
c403	c358
c725	c350
c381	c357
c725	c344
c358	c403
c624	c353
c756	c350
c357	c381
c344	c725
c776	c349
c350	c756
c353	c624
c349	c776
c766	c350
c407	c357
c344	c756
c513	c358
c350	c766
c349	c785
c357	c407
c677	c353
c778	c350
c368	c359
c344	c766
c358	c513
c350	c778
c353	c677
c386	c359
c349	c791
c344	c778
c359	c386
c357	c508
c596	c358
c797	c349
c360	c369
c363	c361
c396	c359
c281	c297
c377	c362
c357	c515
c358	c596
c349	c797
c401	c359
c361	c363
c362	c377
c359	c401
c528	c357
c799	c349
c612	c358
c381	c361
c359	c425
c362	c399
c360	c447
c357	c528
c349	c799
c358	c612
c428	c359
c415	c362
c407	c361
c431	c359
c362	c415
c381	c363
c653	c358
c360	c484
c448	c359
c362	c420
c575	c357
c361	c508
c359	c448
c407	c363
c358	c653
c443	c362
c515	c361
c469	c359
c360	c492
c362	c443
c361	c515
c357	c655
c517	c359
c358	c737
c363	c508
c362	c530
c521	c359
c528	c361
c515	c363
c357	c690
c359	c521
c360	c583
c531	c362
c365	c364
c363	c515
c549	c359
c710	c357
c362	c531
c281	c298
c575	c361
c364	c371
c528	c363
c551	c359
c362	c534
c357	c710
c359	c551
c364	c417
c540	c362
c360	c711
c655	c361
c357	c724
c576	c359
c364	c433
c362	c540
c575	c363
c361	c655
c359	c577
c444	c364
c362	c572
c776	c357
c690	c361
c585	c359
c655	c363
c581	c362
c360	c738
c455	c364
c361	c690
c357	c776
c597	c359
c363	c655
c362	c581
c364	c455
c357	c785
c710	c361
c629	c359
c582	c362
c690	c363
c365	c371
c462	c364
c359	c629
c724	c361
c357	c791
c363	c690
c631	c359
c605	c362
c463	c364
c361	c724
c365	c417
c359	c631
c797	c357
c710	c363
c606	c362
c364	c472
c663	c359
c357	c797
c365	c433
c362	c606
c724	c363
c776	c361
c364	c498
c359	c663
c281	c299
c363	c724
c799	c357
c610	c362
c785	c361
c444	c365
c675	c359
c364	c546
c361	c785
c357	c799
c362	c623
c684	c359
c776	c363
c365	c444
c364	c574
c361	c791
c359	c684
c362	c638
c785	c363
c594	c364
c685	c359
c362	c642
c797	c361
c363	c785
c365	c455
c364	c594
c359	c685
c363	c791
c366	c543
c799	c361
c692	c359
c683	c362
c364	c625
c462	c365
c359	c692
c797	c363
c364	c634
c703	c362
c365	c462
c721	c359
c799	c363
c359	c721
c645	c364
c463	c365
c718	c362
c366	c713
c368	c386
c731	c359
c365	c463
c364	c702
c723	c362
c734	c359
c368	c396
c281	c300
c359	c734
c365	c472
c725	c364
c366	c740
c447	c369
c362	c769
c741	c359
c368	c401
c364	c756
c369	c447
c362	c784
c359	c741
c365	c498
c368	c425
c364	c766
c793	c362
c484	c369
c746	c359
c365	c546
c362	c793
c364	c778
c368	c428
c369	c484
c417	c371
c359	c749
c365	c574
c368	c431
c430	c372
c371	c417
c492	c369
c750	c359
c433	c371
c365	c594
c368	c448
c372	c430
c369	c492
c757	c359
c371	c433
c368	c469
c365	c625
c460	c372
c444	c371
c583	c369
c372	c460
c365	c634
c455	c371
c368	c517
c369	c583
c462	c371
c645	c365
c281	c301
c368	c521
c483	c372
c365	c645
c463	c371
c711	c369
c368	c549
c377	c399
c472	c371
c371	c472
c369	c711
c368	c551
c365	c702
c415	c377
c707	c372
c498	c371
c377	c415
c576	c368
c371	c498
c738	c369
c725	c365
c377	c420
c372	c707
c546	c371
c368	c576
c369	c738
c365	c725
c443	c377
c371	c546
c377	c443
c368	c577
c574	c371
c365	c756
c408	c379
c371	c574
c585	c368
c377	c530
c379	c408
c594	c371
c365	c766
c368	c585
c531	c377
c371	c625
c365	c778
c371	c634
c377	c531
c368	c597
c435	c379
c281	c302
c407	c381
c377	c534
c645	c371
c384	c383
c368	c629
c381	c407
c540	c377
c470	c379
c702	c371
c383	c384
c377	c540
c368	c631
c371	c702
c379	c470
c383	c385
c381	c508
c377	c572
c725	c371
c368	c663
c479	c379
c581	c377
c384	c385
c756	c371
c381	c515
c383	c418
c675	c368
c379	c479
c377	c581
c371	c756
c528	c381
c383	c436
c368	c675
c766	c371
c384	c418
c582	c377
c509	c379
c371	c766
c381	c528
c383	c437
c368	c684
c384	c436
c778	c371
c605	c377
c379	c509
c371	c778
c368	c685
c606	c377
c384	c437
c383	c465
c514	c379
c575	c381
c418	c385
c377	c606
c368	c692
c466	c383
c379	c514
c384	c465
c281	c303
c385	c418
c610	c377
c383	c466
c368	c721
c466	c384
c436	c385
c381	c655
c377	c623
c385	c436
c731	c368
c384	c466
c377	c638
c383	c525
c381	c690
c437	c385
c686	c379
c377	c642
c368	c731
c385	c437
c383	c537
c384	c525
c710	c381
c379	c686
c683	c377
c385	c465
c368	c734
c556	c383
c381	c710
c384	c537
c698	c379
c703	c377
c466	c385
c368	c741
c383	c556
c381	c724
c556	c384
c379	c698
c718	c377
c525	c385
c383	c593
c384	c556
c746	c368
c776	c381
c385	c525
c723	c377
c745	c379
c385	c537
c381	c776
c368	c749
c384	c593
c379	c745
c628	c383
c377	c769
c556	c385
c750	c368
c381	c785
c758	c379
c281	c304
c377	c784
c593	c385
c383	c659
c379	c758
c368	c750
c628	c384
c381	c791
c793	c377
c385	c593
c767	c379
c368	c757
c377	c793
c797	c381
c384	c659
c383	c714
c379	c767
c396	c386
c728	c383
c381	c797
c384	c714
c427	c387
c628	c385
c401	c386
c782	c379
c383	c728
c386	c401
c387	c427
c799	c381
c728	c384
c385	c659
c379	c782
c386	c425
c381	c799
c384	c728
c428	c386
c714	c385
c789	c379
c431	c386
c385	c714
c379	c789
c448	c386
c660	c387
c728	c385
c386	c448
c494	c390
c469	c386
c281	c305
c390	c494
c395	c393
c754	c387
c456	c392
c391	c496
c517	c386
c398	c393
c387	c754
c393	c398
c521	c386
c392	c456
c386	c521
c414	c394
c438	c393
c395	c398
c595	c390
c549	c386
c391	c539
c446	c393
c394	c414
c551	c386
c438	c395
c392	c523
c393	c446
c386	c551
c395	c438
c658	c390
c395	c446
c576	c386
c536	c392
c458	c393
c390	c658
c386	c577
c391	c651
c673	c390
c507	c393
c396	c401
c571	c392
c458	c395
c585	c386
c533	c393
c390	c673
c396	c425
c392	c571
c597	c386
c393	c533
c507	c395
c391	c701
c428	c396
c676	c390
c629	c386
c393	c550
c395	c507
c396	c428
c281	c306
c386	c629
c393	c562
c390	c676
c395	c533
c431	c396
c631	c386
c573	c393
c386	c631
c396	c431
c395	c550
c438	c398
c663	c386
c600	c393
c480	c397
c396	c448
c395	c562
c796	c390
c446	c398
c386	c663
c622	c393
c469	c396
c398	c446
c397	c480
c573	c395
c390	c796
c393	c622
c675	c386
c396	c469
c395	c573
c635	c393
c415	c399
c458	c398
c684	c386
c393	c635
c517	c396
c600	c395
c420	c399
c386	c684
c399	c420
c396	c517
c507	c398
c685	c386
c395	c600
c393	c694
c386	c685
c396	c521
c443	c399
c533	c398
c393	c720
c395	c622
c398	c533
c692	c386
c549	c396
c530	c399
c730	c393
c395	c635
c398	c550
c386	c692
c399	c530
c396	c549
c398	c562
c393	c759
c721	c386
c531	c399
c395	c694
c281	c307
c396	c551
c573	c398
c386	c721
c534	c399
c774	c393
c401	c425
c395	c720
c399	c534
c576	c396
c600	c398
c731	c386
c788	c393
c428	c401
c730	c395
c540	c399
c393	c788
c622	c398
c396	c577
c734	c386
c431	c401
c395	c730
c572	c399
c398	c622
c386	c734
c399	c572
c448	c401
c585	c396
c395	c759
c635	c398
c741	c386
c401	c448
c581	c399
c398	c635
c386	c741
c597	c396
c774	c395
c469	c401
c582	c399
c398	c694
c396	c597
c395	c788
c746	c386
c517	c401
c398	c720
c605	c399
c396	c629
c521	c401
c386	c749
c730	c398
c513	c403
c606	c399
c396	c631
c401	c521
c398	c759
c557	c404
c750	c386
c403	c513
c396	c663
c610	c399
c549	c401
c757	c386
c551	c401
c623	c399
c404	c557
c774	c398
c675	c396
c399	c623
c281	c308
c401	c551
c788	c398
c596	c403
c638	c399
c396	c684
c404	c591
c398	c788
c399	c638
c576	c401
c403	c596
c396	c685
c642	c399
c401	c577
c617	c404
c399	c642
c396	c692
c612	c403
c585	c401
c404	c617
c396	c721
c683	c399
c403	c612
c597	c401
c731	c396
c703	c399
c629	c401
c396	c734
c653	c403
c779	c404
c401	c629
c718	c399
c396	c741
c631	c401
c407	c508
c403	c653
c404	c779
c723	c399
c401	c631
c435	c408
c407	c515
c746	c396
c663	c401
c769	c399
c403	c737
c399	c769
c401	c663
c396	c749
c528	c407
c470	c408
c784	c399
c281	c309
c675	c401
c399	c784
c750	c396
c407	c528
c408	c470
c684	c401
c793	c399
c757	c396
c401	c684
c479	c408
c396	c757
c575	c407
c685	c401
c408	c479
c401	c685
c692	c401
c509	c408
c401	c692
c407	c655
c721	c401
c408	c509
c415	c420
c401	c721
c407	c690
c433	c417
c514	c408
c443	c415
c417	c433
c731	c401
c710	c407
c408	c514
c436	c418
c415	c443
c734	c401
c444	c417
c418	c436
c407	c710
c401	c734
c455	c417
c415	c530
c437	c418
c741	c401
c281	c310
c407	c724
c531	c415
c401	c741
c418	c437
c462	c417
c686	c408
c415	c531
c443	c420
c418	c465
c463	c417
c776	c407
c415	c534
c408	c686
c746	c401
c472	c417
c530	c420
c466	c418
c540	c415
c407	c776
c401	c749
c420	c530
c417	c472
c698	c408
c415	c540
c531	c420
c525	c418
c407	c785
c750	c401
c498	c417
c408	c698
c534	c420
c415	c572
c417	c498
c418	c525
c757	c401
c420	c534
c407	c791
c581	c415
c418	c537
c546	c417
c540	c420
c745	c408
c415	c581
c417	c546
c572	c420
c797	c407
c556	c418
c408	c745
c420	c572
c574	c417
c582	c415
c407	c797
c417	c574
c581	c420
c593	c418
c758	c408
c605	c415
c594	c417
c799	c407
c418	c593
c582	c420
c408	c758
c606	c415
c417	c625
c281	c311
c407	c799
c605	c420
c417	c634
c415	c606
c767	c408
c628	c418
c606	c420
c645	c417
c610	c415
c408	c767
c418	c659
c610	c420
c415	c623
c702	c417
c623	c420
c782	c408
c417	c702
c714	c418
c420	c623
c415	c638
c408	c782
c638	c420
c418	c714
c415	c642
c725	c417
c428	c425
c420	c638
c789	c408
c642	c420
c756	c417
c728	c418
c431	c425
c683	c415
c420	c642
c417	c756
c408	c789
c448	c425
c766	c417
c703	c415
c683	c420
c469	c425
c431	c428
c417	c766
c428	c431
c718	c415
c778	c417
c703	c420
c517	c425
c417	c778
c428	c448
c521	c425
c281	c312
c723	c415
c660	c427
c718	c420
c469	c428
c549	c425
c460	c430
c723	c420
c415	c769
c428	c469
c551	c425
c754	c427
c430	c460
c769	c420
c415	c784
c517	c428
c576	c425
c420	c769
c427	c754
c793	c415
c784	c420
c577	c425
c428	c517
c431	c448
c483	c430
c420	c784
c425	c577
c415	c793
c428	c521
c469	c431
c793	c420
c585	c425
c549	c428
c444	c433
c431	c469
c428	c549
c597	c425
c455	c433
c517	c431
c707	c430
c428	c551
c629	c425
c431	c517
c462	c433
c631	c425
c430	c707
c576	c428
c431	c521
c663	c425
c463	c433
c428	c577
c437	c436
c549	c431
c281	c313
c472	c433
c437	c465
c435	c470
c675	c425
c436	c437
c431	c549
c585	c428
c433	c472
c466	c437
c684	c425
c431	c551
c436	c465
c597	c428
c498	c433
c685	c425
c435	c479
c428	c597
c433	c498
c466	c436
c525	c437
c576	c431
c692	c425
c428	c629
c437	c525
c546	c433
c721	c425
c431	c577
c525	c436
c428	c631
c433	c546
c437	c537
c435	c509
c731	c425
c585	c431
c436	c525
c574	c433
c428	c663
c734	c425
c556	c437
c597	c431
c433	c574
c436	c537
c741	c425
c435	c514
c675	c428
c431	c597
c593	c437
c594	c433
c556	c436
c428	c684
c437	c593
c431	c629
c746	c425
c433	c625
c428	c685
c431	c631
c749	c425
c433	c634
c593	c436
c425	c749
c428	c692
c628	c437
c431	c663
c436	c593
c645	c433
c281	c314
c435	c686
c750	c425
c428	c721
c437	c659
c675	c431
c702	c433
c757	c425
c731	c428
c628	c436
c433	c702
c431	c684
c714	c437
c435	c698
c428	c734
c438	c446
c431	c685
c437	c714
c725	c433
c436	c659
c428	c741
c431	c692
c756	c433
c728	c437
c458	c438
c433	c756
c714	c436
c431	c721
c435	c745
c746	c428
c766	c433
c436	c714
c507	c438
c731	c431
c433	c766
c435	c758
c428	c749
c438	c507
c778	c433
c728	c436
c431	c734
c433	c778
c750	c428
c438	c533
c431	c741
c435	c767
c757	c428
c438	c550
c501	c441
c746	c431
c428	c757
c438	c562
c435	c782
c441	c501
c431	c749
c573	c438
c281	c315
c443	c530
c438	c573
c444	c455
c750	c431
c552	c441
c531	c443
c435	c789
c600	c438
c757	c431
c462	c444
c443	c531
c441	c552
c438	c600
c431	c757
c443	c534
c444	c462
c458	c446
c438	c622
c484	c447
c540	c443
c463	c444
c624	c441
c438	c635
c469	c448
c507	c446
c443	c540
c447	c484
c444	c463
c441	c624
c533	c446
c438	c694
c517	c448
c443	c572
c446	c533
c492	c447
c521	c448
c444	c472
c438	c720
c581	c443
c446	c550
c677	c441
c448	c521
c447	c492
c730	c438
c446	c562
c443	c581
c444	c498
c441	c677
c549	c448
c438	c730
c573	c446
c582	c443
c551	c448
c583	c447
c281	c316
c448	c551
c444	c546
c438	c759
c600	c446
c605	c443
c447	c583
c622	c446
c576	c448
c774	c438
c444	c574
c606	c443
c446	c622
c448	c577
c438	c788
c443	c606
c635	c446
c444	c594
c711	c447
c585	c448
c446	c635
c610	c443
c447	c711
c597	c448
c446	c694
c444	c625
c443	c623
c629	c448
c446	c720
c738	c447
c443	c638
c444	c634
c448	c629
c730	c446
c447	c738
c631	c448
c443	c642
c645	c444
c446	c759
c448	c631
c444	c645
c683	c443
c663	c448
c774	c446
c448	c663
c788	c446
c703	c443
c446	c788
c444	c702
c281	c317
c675	c448
c462	c455
c718	c443
c684	c448
c725	c444
c448	c684
c456	c523
c463	c455
c685	c448
c723	c443
c444	c725
c448	c685
c458	c507
c455	c472
c692	c448
c443	c769
c536	c456
c448	c692
c455	c498
c444	c756
c443	c784
c721	c448
c458	c533
c571	c456
c455	c546
c444	c766
c448	c721
c793	c443
c443	c793
c456	c571
c455	c574
c731	c448
c444	c778
c458	c550
c734	c448
c594	c455
c448	c734
c483	c460
c455	c594
c463	c462
c458	c562
c741	c448
c455	c625
c448	c741
c462	c463
c463	c472
c455	c634
c281	c318
c458	c573
c462	c472
c746	c448
c707	c460
c645	c455
c463	c498
c448	c749
c460	c707
c455	c702
c462	c498
c458	c600
c463	c546
c750	c448
c466	c465
c725	c455
c757	c448
c463	c574
c525	c465
c462	c546
c455	c756
c458	c622
c466	c525
c537	c465
c455	c766
c463	c594
c465	c537
c466	c537
c462	c574
c455	c778
c458	c635
c556	c465
c463	c625
c462	c594
c556	c466
c517	c469
c593	c465
c463	c634
c466	c556
c469	c517
c462	c625
c458	c694
c645	c463
c469	c521
c466	c593
c628	c465
c281	c319
c462	c634
c549	c469
c463	c645
c458	c720
c479	c470
c659	c465
c469	c549
c645	c462
c465	c659
c628	c466
c470	c479
c469	c551
c463	c702
c458	c730
c462	c645
c714	c465
c576	c469
c509	c470
c466	c659
c725	c463
c728	c465
c469	c577
c470	c509
c463	c725
c462	c702
c466	c714
c458	c759
c585	c469
c514	c470
c463	c756
c597	c469
c728	c466
c725	c462
c470	c514
c609	c471
c469	c597
c458	c774
c463	c766
c466	c728
c462	c725
c471	c609
c469	c629
c463	c778
c498	c472
c462	c756
c458	c788
c469	c631
c472	c498
c686	c470
c613	c471
c469	c663
c462	c766
c281	c320
c546	c472
c470	c686
c614	c471
c472	c546
c675	c469
c462	c778
c574	c472
c698	c470
c471	c614
c469	c684
c472	c574
c469	c685
c470	c698
c594	c472
c469	c692
c472	c625
c745	c470
c469	c721
c773	c471
c472	c634
c470	c745
c731	c469
c471	c773
c509	c479
c645	c472
c469	c734
c758	c470
c479	c509
c702	c472
c469	c741
c505	c482
c472	c702
c470	c758
c514	c479
c516	c482
c725	c472
c767	c470
c479	c514
c746	c469
c492	c484
c281	c321
c532	c482
c756	c472
c470	c767
c469	c749
c482	c532
c484	c492
c472	c756
c483	c707
c561	c482
c750	c469
c766	c472
c782	c470
c472	c766
c686	c479
c583	c484
c757	c469
c598	c482
c470	c782
c778	c472
c601	c482
c469	c757
c479	c686
c484	c583
c472	c778
c482	c601
c789	c470
c611	c482
c698	c479
c482	c611
c470	c789
c479	c698
c711	c484
c644	c482
c654	c482
c484	c711
c482	c654
c745	c479
c656	c482
c738	c484
c506	c491
c479	c745
c664	c482
c583	c492
c484	c738
c491	c506
c482	c664
c281	c322
c758	c479
c492	c583
c715	c482
c482	c715
c479	c758
c563	c491
c539	c496
c595	c494
c747	c482
c491	c563
c767	c479
c711	c492
c496	c539
c775	c482
c479	c767
c658	c494
c492	c711
c603	c491
c546	c498
c782	c479
c651	c496
c494	c658
c491	c603
c498	c546
c738	c492
c479	c782
c496	c651
c574	c498
c673	c494
c492	c738
c620	c491
c498	c574
c789	c479
c494	c673
c701	c496
c491	c620
c594	c498
c479	c789
c676	c494
c496	c701
c498	c625
c641	c491
c552	c501
c498	c634
c494	c676
c491	c641
c281	c323
c501	c552
c645	c498
c516	c505
c702	c498
c796	c494
c624	c501
c498	c702
c505	c532
c753	c491
c494	c796
c501	c624
c505	c561
c725	c498
c507	c533
c780	c491
c563	c506
c756	c498
c515	c508
c677	c501
c598	c505
c507	c550
c498	c756
c491	c780
c506	c563
c501	c677
c505	c601
c528	c508
c507	c562
c766	c498
c498	c766
c505	c611
c573	c507
c514	c509
c603	c506
c778	c498
c507	c573
c575	c508
c509	c514
c505	c644
c506	c603
c498	c778
c600	c507
c505	c654
c620	c506
c507	c600
c655	c508
c656	c505
c281	c324
c507	c622
c506	c620
c690	c508
c505	c664
c686	c509
c507	c635
c596	c513
c641	c506
c505	c715
c509	c686
c710	c508
c507	c694
c513	c596
c506	c641
c747	c505
c698	c509
c507	c720
c724	c508
c612	c513
c509	c698
c775	c505
c730	c507
c513	c612
c776	c508
c507	c730
c505	c775
c753	c506
c745	c509
c686	c514
c785	c508
c507	c759
c653	c513
c528	c515
c791	c508
c514	c686
c780	c506
c509	c745
c774	c507
c513	c653
c508	c791
c506	c780
c698	c514
c507	c788
c758	c509
c797	c508
c517	c521
c516	c532
c575	c515
c513	c737
c514	c698
c509	c758
c799	c508
c549	c517
c281	c325
c516	c561
c517	c549
c745	c514
c655	c515
c767	c509
c517	c551
c515	c655
c598	c516
c514	c745
c509	c767
c576	c517
c690	c515
c516	c598
c758	c514
c515	c690
c782	c509
c517	c577
c549	c521
c516	c601
c514	c758
c551	c521
c509	c782
c585	c517
c710	c515
c521	c551
c516	c611
c767	c514
c597	c517
c789	c509
c724	c515
c576	c521
c514	c767
c517	c597
c516	c644
c515	c724
c509	c789
c521	c577
c517	c629
c516	c654
c782	c514
c585	c521
c776	c515
c517	c631
c536	c523
c656	c516
c514	c782
c597	c521
c785	c515
c517	c663
c516	c656
c789	c514
c629	c521
c515	c785
c571	c523
c281	c326
c675	c517
c521	c629
c516	c664
c514	c789
c515	c791
c631	c521
c517	c684
c525	c537
c521	c631
c797	c515
c517	c685
c516	c715
c663	c521
c556	c525
c517	c692
c799	c515
c521	c663
c747	c516
c593	c525
c517	c721
c675	c521
c531	c530
c516	c747
c525	c593
c684	c521
c534	c530
c575	c528
c731	c517
c530	c534
c521	c684
c516	c775
c517	c734
c540	c530
c628	c525
c685	c521
c531	c534
c517	c741
c528	c655
c561	c532
c572	c530
c521	c685
c540	c531
c530	c572
c525	c659
c692	c521
c598	c532
c531	c540
c528	c690
c746	c517
c581	c530
c521	c692
c601	c532
c714	c525
c531	c572
c532	c601
c721	c521
c582	c530
c710	c528
c517	c749
c281	c327
c525	c714
c611	c532
c521	c721
c581	c531
c528	c710
c750	c517
c532	c611
c605	c530
c531	c581
c728	c525
c731	c521
c644	c532
c757	c517
c606	c530
c734	c521
c582	c531
c528	c724
c654	c532
c517	c757
c533	c550
c521	c734
c610	c530
c532	c654
c533	c562
c741	c521
c605	c531
c540	c534
c623	c530
c521	c741
c656	c532
c530	c623
c776	c528
c573	c533
c572	c534
c606	c531
c638	c530
c664	c532
c534	c572
c528	c776
c600	c533
c531	c606
c530	c638
c532	c664
c746	c521
c581	c534
c642	c530
c622	c533
c715	c532
c528	c785
c521	c749
c610	c531
c530	c642
c533	c622
c582	c534
c532	c715
c750	c521
c635	c533
c531	c623
c528	c791
c683	c530
c605	c534
c747	c532
c533	c635
c757	c521
c531	c638
c797	c528
c606	c534
c703	c530
c775	c532
c533	c694
c531	c642
c528	c797
c281	c328
c533	c720
c718	c530
c610	c534
c683	c531
c730	c533
c799	c528
c623	c534
c723	c530
c536	c571
c534	c623
c533	c759
c703	c531
c769	c530
c528	c799
c638	c534
c556	c537
c530	c769
c774	c533
c534	c638
c784	c530
c642	c534
c593	c537
c788	c533
c718	c531
c530	c784
c534	c642
c533	c788
c793	c530
c723	c531
c628	c537
c683	c534
c540	c572
c651	c539
c531	c769
c581	c540
c659	c537
c703	c534
c539	c651
c537	c659
c531	c784
c540	c581
c718	c534
c793	c531
c701	c539
c714	c537
c582	c540
c531	c793
c723	c534
c539	c701
c728	c537
c605	c540
c769	c534
c713	c543
c281	c329
c606	c540
c534	c769
c574	c546
c784	c534
c543	c713
c540	c606
c546	c574
c534	c784
c549	c551
c610	c540
c562	c550
c594	c546
c740	c543
c793	c534
c550	c562
c576	c549
c546	c625
c540	c623
c576	c551
c543	c740
c573	c550
c549	c577
c546	c634
c551	c577
c624	c552
c540	c638
c600	c550
c585	c549
c645	c546
c585	c551
c540	c642
c552	c624
c622	c550
c597	c549
c597	c551
c702	c546
c635	c550
c683	c540
c549	c597
c546	c702
c677	c552
c629	c551
c694	c550
c550	c694
c551	c629
c549	c629
c703	c540
c552	c677
c725	c546
c631	c551
c720	c550
c549	c631
c550	c720
c551	c631
c756	c546
c718	c540
c546	c756
c549	c663
c730	c550
c663	c551
c281	c330
c723	c540
c766	c546
c551	c663
c759	c550
c556	c593
c675	c549
c546	c766
c550	c759
c675	c551
c540	c769
c778	c546
c549	c684
c684	c551
c774	c550
c546	c778
c540	c784
c628	c556
c549	c685
c551	c684
c557	c591
c788	c550
c793	c540
c549	c692
c685	c551
c592	c558
c556	c659
c540	c793
c551	c685
c617	c557
c549	c721
c692	c551
c557	c617
c731	c549
c551	c692
c556	c714
c598	c561
c721	c551
c549	c734
c573	c562
c728	c556
c561	c601
c551	c721
c603	c563
c549	c741
c779	c557
c600	c562
c561	c611
c556	c728
c731	c551
c563	c603
c644	c561
c557	c779
c622	c562
c734	c551
c746	c549
c561	c644
c635	c562
c551	c734
c281	c331
c620	c563
c561	c654
c549	c749
c741	c551
c694	c562
c551	c741
c563	c620
c562	c694
c656	c561
c750	c549
c720	c562
c561	c664
c562	c720
c641	c563
c746	c551
c757	c549
c561	c715
c730	c562
c549	c757
c551	c749
c563	c641
c759	c562
c747	c561
c750	c551
c562	c759
c775	c561
c757	c551
c774	c562
c753	c563
c581	c572
c788	c562
c600	c573
c594	c574
c582	c572
c576	c577
c573	c600
c780	c563
c585	c577
c574	c625
c573	c622
c605	c572
c585	c576
c563	c780
c575	c655
c574	c634
c597	c577
c573	c635
c606	c572
c576	c585
c281	c332
c629	c577
c645	c574
c573	c694
c631	c577
c610	c572
c575	c690
c576	c597
c702	c574
c663	c577
c623	c572
c574	c702
c573	c720
c572	c623
c576	c629
c675	c577
c638	c572
c725	c574
c575	c710
c730	c573
c572	c638
c684	c577
c576	c631
c756	c574
c642	c572
c573	c730
c685	c577
c574	c756
c572	c642
c692	c577
c575	c724
c576	c663
c766	c574
c573	c759
c721	c577
c683	c572
c574	c766
c582	c581
c675	c576
c774	c573
c778	c574
c731	c577
c703	c572
c574	c778
c605	c581
c575	c776
c576	c675
c573	c788
c734	c577
c606	c581
c718	c572
c741	c577
c605	c582
c576	c684
c581	c606
c711	c583
c575	c785
c723	c572
c582	c605
c576	c685
c281	c333
c746	c577
c610	c581
c769	c572
c583	c711
c582	c606
c576	c692
c749	c577
c572	c769
c575	c791
c577	c749
c581	c623
c784	c572
c738	c583
c610	c582
c572	c784
c576	c721
c750	c577
c581	c638
c793	c572
c583	c738
c582	c610
c757	c577
c731	c576
c575	c797
c581	c642
c589	c584
c582	c623
c576	c731
c585	c597
c584	c589
c683	c581
c575	c799
c582	c638
c576	c734
c585	c629
c703	c581
c582	c642
c576	c741
c585	c631
c718	c581
c683	c582
c585	c663
c746	c576
c617	c591
c723	c581
c582	c683
c281	c334
c675	c585
c576	c749
c628	c593
c581	c769
c594	c625
c703	c582
c585	c675
c593	c659
c594	c634
c581	c784
c779	c591
c582	c703
c750	c576
c585	c684
c793	c581
c645	c594
c714	c593
c718	c582
c576	c750
c581	c793
c585	c685
c593	c714
c594	c702
c595	c658
c582	c718
c576	c757
c585	c692
c612	c596
c728	c593
c725	c594
c723	c582
c596	c612
c597	c629
c585	c721
c595	c673
c594	c756
c582	c723
c598	c601
c597	c631
c731	c585
c653	c596
c594	c766
c597	c663
c598	c611
c595	c676
c582	c769
c594	c778
c585	c731
c596	c653
c675	c597
c598	c644
c582	c784
c585	c734
c597	c684
c281	c335
c598	c654
c596	c737
c595	c796
c585	c741
c597	c685
c582	c793
c600	c622
c611	c601
c656	c598
c597	c692
c600	c635
c601	c611
c620	c603
c746	c585
c598	c656
c644	c601
c597	c721
c600	c694
c654	c601
c603	c620
c601	c654
c600	c720
c731	c597
c585	c749
c598	c664
c730	c600
c641	c603
c597	c734
c605	c606
c750	c585
c656	c601
c600	c730
c598	c715
c664	c601
c597	c741
c603	c641
c610	c605
c585	c750
c601	c664
c600	c759
c747	c598
c715	c601
c605	c610
c746	c597
c585	c757
c601	c715
c774	c600
c598	c747
c597	c749
c605	c623
c753	c603
c610	c606
c600	c788
c747	c601
c598	c775
c750	c597
c605	c638
c281	c336
c606	c623
c775	c601
c780	c603
c757	c597
c606	c638
c605	c642
c597	c757
c603	c780
c606	c642
c613	c609
c610	c623
c644	c611
c683	c605
c683	c606
c653	c612
c654	c611
c614	c609
c610	c638
c605	c683
c611	c654
c703	c606
c613	c614
c612	c653
c609	c614
c610	c642
c703	c605
c656	c611
c718	c606
c664	c611
c683	c610
c612	c737
c605	c703
c611	c664
c723	c606
c773	c609
c610	c683
c715	c611
c718	c605
c613	c773
c611	c715
c606	c769
c609	c773
c703	c610
c605	c718
c606	c784
c747	c611
c773	c614
c610	c703
c723	c605
c793	c606
c281	c337
c775	c611
c614	c773
c743	c616
c605	c723
c606	c793
c718	c610
c616	c743
c610	c718
c605	c769
c641	c620
c779	c617
c635	c622
c638	c623
c723	c610
c620	c641
c605	c784
c622	c635
c617	c779
c623	c638
c642	c623
c610	c723
c634	c625
c622	c694
c605	c793
c623	c642
c625	c634
c677	c624
c622	c720
c610	c769
c683	c623
c645	c625
c624	c677
c730	c622
c753	c620
c627	c626
c610	c784
c622	c759
c703	c623
c702	c625
c780	c620
c610	c793
c774	c622
c705	c626
c718	c623
c725	c625
c788	c622
c620	c780
c626	c705
c756	c625
c723	c623
c622	c788
c627	c705
c281	c338
c631	c629
c628	c659
c766	c625
c769	c623
c629	c631
c752	c626
c778	c625
c623	c769
c663	c629
c784	c623
c627	c752
c663	c631
c629	c663
c623	c784
c626	c752
c631	c663
c628	c714
c675	c629
c793	c623
c675	c631
c684	c629
c790	c626
c627	c790
c629	c684
c684	c631
c628	c728
c645	c634
c631	c684
c685	c629
c626	c790
c635	c694
c629	c685
c685	c631
c635	c720
c702	c634
c642	c638
c631	c685
c692	c629
c638	c642
c730	c635
c629	c692
c692	c631
c725	c634
c631	c692
c721	c629
c635	c759
c683	c638
c756	c634
c629	c721
c721	c631
c774	c635
c766	c634
c683	c642
c703	c638
c281	c339
c631	c721
c731	c629
c788	c635
c778	c634
c753	c641
c703	c642
c718	c638
c734	c629
c635	c788
c731	c631
c629	c734
c644	c654
c734	c631
c718	c642
c741	c629
c723	c638
c780	c641
c631	c734
c656	c644
c629	c741
c723	c642
c741	c631
c644	c664
c769	c638
c641	c780
c631	c741
c645	c702
c769	c642
c638	c769
c644	c715
c746	c629
c642	c769
c784	c638
c784	c642
c725	c645
c629	c749
c638	c784
c747	c644
c746	c631
c642	c784
c793	c638
c645	c725
c750	c629
c631	c749
c775	c644
c793	c642
c757	c629
c750	c631
c645	c756
c701	c651
c757	c631
c656	c654
c645	c766
c690	c655
c651	c701
c653	c737
c281	c340
c664	c654
c656	c664
c655	c690
c654	c664
c645	c778
c715	c654
c673	c658
c710	c655
c714	c659
c656	c715
c654	c715
c658	c673
c724	c655
c728	c659
c660	c754
c747	c656
c747	c654
c655	c724
c676	c658
c675	c663
c715	c664
c775	c654
c656	c747
c658	c676
c664	c715
c684	c663
c776	c655
c663	c684
c656	c775
c747	c664
c785	c655
c685	c663
c663	c685
c796	c658
c655	c785
c775	c664
c692	c663
c655	c791
c658	c796
c663	c692
c676	c673
c675	c684
c797	c655
c721	c663
c673	c676
c281	c341
c663	c721
c675	c685
c796	c676
c799	c655
c731	c663
c676	c796
c675	c692
c734	c663
c703	c683
c796	c673
c685	c684
c692	c685
c663	c734
c675	c721
c684	c685
c698	c686
c685	c692
c683	c703
c673	c796
c741	c663
c692	c684
c721	c685
c663	c741
c686	c698
c731	c675
c718	c683
c684	c692
c685	c721
c675	c731
c721	c684
c746	c663
c683	c718
c731	c685
c745	c686
c684	c721
c734	c685
c675	c734
c663	c749
c723	c683
c685	c734
c686	c745
c731	c684
c750	c663
c675	c741
c741	c685
c683	c723
c734	c684
c710	c690
c758	c686
c685	c741
c757	c663
c684	c734
c724	c690
c741	c684
c683	c769
c746	c675
c686	c758
c690	c724
c746	c685
c684	c741
c281	c342
c721	c692
c683	c784
c767	c686
c675	c749
c685	c749
c692	c721
c776	c690
c746	c684
c686	c767
c750	c675
c683	c793
c731	c692
c785	c690
c750	c685
c684	c749
c675	c750
c734	c692
c782	c686
c690	c785
c692	c734
c757	c685
c720	c694
c750	c684
c675	c757
c686	c782
c690	c791
c694	c720
c741	c692
c757	c684
c692	c741
c730	c694
c797	c690
c789	c686
c759	c694
c746	c692
c686	c789
c694	c759
c799	c690
c745	c698
c692	c749
c774	c694
c725	c702
c718	c703
c698	c745
c750	c692
c788	c694
c752	c705
c756	c702
c703	c718
c757	c692
c758	c698
c702	c756
c281	c343
c705	c752
c723	c703
c766	c702
c698	c758
c710	c724
c738	c711
c702	c766
c790	c705
c703	c723
c767	c698
c778	c702
c711	c738
c705	c790
c702	c778
c776	c710
c740	c713
c703	c769
c698	c767
c728	c714
c710	c776
c713	c740
c747	c715
c703	c784
c782	c698
c723	c718
c710	c785
c775	c715
c698	c782
c730	c720
c703	c793
c718	c723
c731	c721
c759	c720
c710	c791
c789	c698
c720	c759
c734	c721
c723	c769
c776	c724
c797	c710
c718	c769
c698	c789
c721	c734
c774	c720
c785	c724
c723	c784
c710	c797
c741	c721
c788	c720
c718	c784
c724	c785
c721	c741
c725	c756
c723	c793
c799	c710
c281	c344
c724	c791
c718	c793
c725	c766
c746	c721
c710	c799
c797	c724
c730	c759
c731	c734
c721	c749
c725	c778
c741	c734
c799	c724
c774	c730
c731	c741
c750	c721
c734	c741
c730	c788
c757	c721
c746	c731
c746	c734
c746	c741
c758	c745
c747	c775
c734	c749
c750	c749
c746	c749
c731	c749
c741	c749
c745	c758
c750	c734
c757	c749
c750	c757
c750	c731
c750	c741
c746	c750
c757	c734
c767	c745
c757	c741
c731	c750
c790	c752
c745	c767
c766	c756
c731	c757
c753	c780
c752	c790
c756	c766
c746	c757
c782	c745
c767	c758
c281	c345
c778	c756
c774	c759
c756	c778
c745	c782
c758	c767
c778	c766
c788	c759
c782	c767
c784	c769
c766	c778
c789	c745
c782	c758
c769	c784
c767	c782
c774	c788
c776	c785
c793	c769
c745	c789
c758	c782
c793	c784
c785	c791
c789	c782
c789	c767
c776	c791
c789	c758
c782	c789
c797	c785
c797	c791
c797	c776
c799	c797
c767	c789
c758	c789
c799	c791
c799	c785
c776	c797
c797	c799
c799	c776
c776	c799
c281	c346
c281	c347
c281	c348
c281	c349
c281	c350
c281	c351
c281	c352
c281	c353
c281	c354
c281	c355
c281	c356
c281	c357
c281	c358
c281	c359
c281	c360
c281	c361
c281	c362
c281	c363
c281	c364
c281	c365
c281	c366
c281	c367
c281	c368
c281	c369
c281	c370
c281	c371
c281	c372
c281	c373
c281	c374
c281	c375
c281	c376
c281	c377
c281	c378
c281	c379
c281	c380
c281	c381
c281	c382
c281	c383
c281	c384
c281	c385
c281	c386
c281	c387
c281	c388
c281	c389
c281	c390
c281	c391
c281	c392
c281	c393
c281	c394
c281	c395
c281	c396
c281	c397
c281	c398
c281	c399
c281	c400
c281	c401
c281	c402
c281	c403
c281	c404
c281	c405
c281	c406
c281	c407
c281	c408
c281	c409
c281	c410
c281	c411
c281	c412
c281	c413
c281	c414
c281	c415
c281	c416
c281	c417
c281	c418
c281	c419
c281	c420
c281	c421
c281	c422
c281	c423
c281	c424
c281	c425
c281	c426
c281	c427
c281	c428
c281	c429
c281	c430
c281	c431
c281	c432
c281	c433
c281	c434
c281	c435
c281	c436
c281	c437
c281	c438
c281	c439
c281	c440
c281	c441
c281	c442
c281	c443
c281	c444
c281	c445
c281	c446
c281	c447
c281	c448
c281	c449
c281	c450
c281	c451
c281	c452
c281	c453
c281	c454
c281	c455
c281	c456
c281	c457
c281	c458
c281	c459
c281	c460
c281	c461
c281	c462
c281	c463
c281	c464
c281	c465
c281	c466
c281	c467
c281	c468
c281	c469
c281	c470
c281	c471
c281	c472
c281	c473
c281	c474
c281	c475
c281	c476
c281	c477
c281	c478
c281	c479
c281	c480
c281	c481
c281	c482
c281	c483
c281	c484
c281	c485
c281	c486
c281	c487
c281	c488
c281	c489
c281	c490
c281	c491
c281	c492
c281	c493
c281	c494
c281	c495
c281	c496
c281	c497
c281	c498
c281	c499
c281	c500
c281	c501
c281	c502
c281	c503
c281	c504
c281	c505
c281	c506
c281	c507
c281	c508
c281	c509
c281	c510
c281	c511
c281	c512
c281	c513
c281	c514
c281	c515
c281	c516
c281	c517
c281	c518
c281	c519
c281	c520
c281	c521
c281	c522
c281	c523
c281	c524
c281	c525
c281	c526
c281	c527
c281	c528
c281	c529
c281	c530
c281	c531
c281	c532
c281	c533
c281	c534
c281	c535
c281	c536
c281	c537
c281	c538
c281	c539
c281	c540
c281	c541
c281	c542
c281	c543
c281	c544
c281	c545
c281	c546
c281	c547
c281	c548
c281	c549
c281	c550
c281	c551
c281	c552
c281	c553
c281	c554
c281	c555
c281	c556
c281	c557
c281	c558
c281	c559
c281	c560
c281	c561
c281	c562
c281	c563
c281	c564
c281	c565
c281	c566
c281	c567
c281	c568
c281	c569
c281	c570
c281	c571
c281	c572
c281	c573
c281	c574
c281	c575
c281	c576
c281	c577
c281	c578
c281	c579
c281	c580
c281	c581
c281	c582
c281	c583
c281	c584
c281	c585
c281	c586
c281	c587
c281	c588
c281	c589
c281	c590
c281	c591
c281	c592
c281	c593
c281	c594
c281	c595
c281	c596
c281	c597
c281	c598
c281	c599
c281	c600
c281	c601
c281	c602
c281	c603
c281	c604
c281	c605
c281	c606
c281	c607
c281	c608
c281	c609
c281	c610
c281	c611
c281	c612
c281	c613
c281	c614
c281	c615
c281	c616
c281	c617
c281	c618
c281	c619
c281	c620
c281	c621
c281	c622
c281	c623
c281	c624
c281	c625
c281	c626
c281	c627
c281	c628
c281	c629
c281	c630
c281	c631
c281	c632
c281	c633
c281	c634
c281	c635
c281	c636
c281	c637
c281	c638
c281	c639
c281	c640
c281	c641
c281	c642
c281	c643
c281	c644
c281	c645
c281	c646
c281	c647
c281	c648
c281	c649
c281	c650
c281	c651
c281	c652
c281	c653
c281	c654
c281	c655
c281	c656
c281	c657
c281	c658
c281	c659
c281	c660
c281	c661
c281	c662
c281	c663
c281	c664
c281	c665
c281	c666
c281	c667
c281	c668
c281	c669
c281	c670
c281	c671
c281	c672
c281	c673
c281	c674
c281	c675
c281	c676
c281	c677
c281	c678
c281	c679
c281	c680
c281	c681
c281	c682
c281	c683
c281	c684
c281	c685
c281	c686
c281	c687
c281	c688
c281	c689
c281	c690
c281	c691
c281	c692
c281	c693
c281	c694
c281	c695
c281	c696
c281	c697
c281	c698
c281	c699
c281	c700
c281	c701
c281	c702
c281	c703
c281	c704
c281	c705
c281	c706
c281	c707
c281	c708
c281	c709
c281	c710
c281	c711
c281	c712
c281	c713
c281	c714
c281	c715
c281	c716
c281	c717
c281	c718
c281	c719
c281	c720
c281	c721
c281	c722
c281	c723
c281	c724
c281	c725
c281	c726
c281	c727
c281	c728
c281	c729
c281	c730
c281	c731
c281	c732
c281	c733
c281	c734
c281	c735
c281	c736
c281	c737
c281	c738
c281	c739
c281	c740
c281	c741
c281	c742
c281	c743
c281	c744
c281	c745
c281	c746
c281	c747
c281	c748
c281	c749
c281	c750
c281	c751
c281	c752
c281	c753
c281	c754
c281	c755
c281	c756
c281	c757
c281	c758
c281	c759
c281	c760
c281	c761
c281	c762
c281	c763
c281	c764
c281	c765
c281	c766
c281	c767
c281	c768
c281	c769
c281	c770
c281	c771
c281	c772
c281	c773
c281	c774
c281	c775
c281	c776
c281	c777
c281	c778
c281	c779
c281	c780
c281	c781
c281	c782
c281	c783
c281	c784
c281	c785
c281	c786
c281	c787
c281	c788
c281	c789
c281	c790
c281	c791
c281	c792
c281	c793
c281	c794
c281	c795
c281	c796
c281	c797
c281	c798
c281	c799
